,word_concrete,item_nr_concrete,condition_concrete,Zipf_concrete,PoS_concrete,Length_concrete,AoA_concrete,CNC_M_concrete,CNC_SD_concrete,word_abstract,item_nr_abstract,condition_abstract,Zipf_abstract,PoS_abstract,Length_abstract,AoA_abstract,CNC_M_abstract,CNC_SD_abstract,exclude?
0,costume,4,concrete,4.171842443,noun,7,4.17,4.57,0.86,anger,4,abstract,4.303726585,noun,5,6,2.41,1.32,
1,crystal,9,concrete,4.162751545,noun,7,7.78,4.58,0.81,minimum,9,abstract,4.388494544,noun,7,8.11,2.25,1.4,
2,pedal,11,concrete,3.634755503,noun,5,6.5,4.44,0.97,anxiety,11,abstract,3.89958419,noun,7,8.17,2.21,1.03,
3,rook,13,concrete,2.888860325,noun,4,11.59,4.38,1.1,gist,13,abstract,2.974489327,noun,4,11.3,1.81,1.02,
4,mink,14,concrete,3.128705017,noun,4,10.32,4.58,0.99,misuse,14,abstract,3.281196456,noun,6,9.68,2.07,1.17,
5,chalet,17,concrete,3.233554821,noun,6,13.8,4.36,1.19,proxy,17,abstract,3.047918244,noun,5,14.88,2.07,1.18,
6,hooch,18,concrete,2.451610582,noun,5,13.06,4.22,0.97,guile,18,abstract,2.659523554,noun,5,13.25,1.88,1.23,x
7,chorus,21,concrete,3.839374961,noun,6,7.5,4.03,1.02,myth,21,abstract,3.948588757,noun,4,8.61,2.17,1.36,
8,zit,24,concrete,2.45916372,noun,3,10.89,4.85,0.6,prude,24,abstract,2.481065561,noun,5,12.11,2.39,1.13,
9,retina,25,concrete,2.962907455,noun,6,10.76,4.46,0.79,stardom,25,abstract,3.138215495,noun,7,10.06,2.26,1.16,
10,locker,26,concrete,3.600991775,noun,6,8.22,4.67,1,agony,26,abstract,3.753781957,noun,5,9.22,2.38,1.47,
11,redhead,28,concrete,2.851071764,noun,7,5.79,4.78,0.51,bummer,28,abstract,2.774916972,noun,6,7.3,1.97,1.1,x
12,comma,30,concrete,2.813007022,noun,5,7.47,4.65,0.57,recount,30,abstract,2.91321967,noun,7,8.84,2.26,1.13,x
13,comet,37,concrete,3.570217544,noun,5,8.16,4.67,1.03,bonkers,37,abstract,3.746888249,noun,7,8.28,1.76,0.97,x
14,copier,38,concrete,1.737128411,noun,6,8.17,4.72,0.7,putdown,38,abstract,1.473886977,noun,7,9.5,2.04,1.37,x
15,furnace,40,concrete,3.345070585,noun,7,10.6,4.69,0.85,setback,40,abstract,3.51396162,noun,7,10.4,1.97,1.13,
16,toy,42,concrete,4.393662171,noun,3,3,4.93,0.38,loss,42,abstract,4.66932535,noun,4,5,2.19,1.22,
17,fowl,43,concrete,3.432132228,noun,4,7.89,4.64,0.91,whammy,43,abstract,3.156633569,noun,6,9.11,2.16,1.46,x
18,collar,50,concrete,3.977450696,noun,6,6.56,4.64,0.91,manners,50,abstract,3.771647488,noun,7,5.89,2.17,1.31,
19,lesion,52,concrete,2.158133724,noun,6,12.82,4.38,1.01,elitism,52,abstract,2.339188403,noun,7,13.87,1.75,0.94,
20,indoors,53,concrete,3.878150379,noun,7,4.64,4.17,1.05,honesty,53,abstract,3.832456293,noun,7,5,1.59,1.02,
21,wine,59,concrete,4.842080855,noun,4,7.9,4.79,0.5,relief,59,abstract,4.643757259,noun,6,7.79,2.45,1.4,
22,aircrew,76,concrete,2.41173907,noun,7,10.15,4.04,1.32,upsides,76,abstract,2.12709949,noun,7,9.26,2.46,1.23,x
23,rider,79,concrete,3.96454763,noun,5,6.37,4.07,1.21,bravery,79,abstract,3.834669666,noun,7,8.32,1.96,1.02,
24,scab,81,concrete,2.97219753,noun,4,6.65,4.71,0.53,unease,81,abstract,3.120617363,noun,6,8.42,1.93,1.03,
25,jasmine,83,concrete,3.694866267,noun,7,10.26,4.55,0.95,ethics,83,abstract,3.433723053,noun,6,11.06,2.28,1.39,
26,tinsel,91,concrete,3.051761583,noun,6,6.61,4.82,0.48,disgust,91,abstract,3.262762092,noun,7,7.68,2.19,1.3,
27,dye,92,concrete,3.485316438,noun,3,7.56,4.58,0.76,envy,92,abstract,3.63674997,noun,4,8.37,1.69,0.85,
28,perfume,94,concrete,3.935285447,noun,7,7.06,4.66,0.81,thrill,94,abstract,3.858300133,noun,6,8.37,2.46,1.53,
29,trophy,95,concrete,4.374436161,noun,6,5.55,4.89,0.42,mood,95,abstract,4.502458229,noun,4,6.58,1.75,0.97,
30,record,96,concrete,5.11499737,noun,6,6.3,4.15,1.26,choice,96,abstract,5.025601212,noun,6,5.17,1.9,1.14,
31,door,101,concrete,5.259750452,noun,4,3.05,4.81,0.65,thanks,101,abstract,5.430871344,noun,6,3.53,2.15,1.29,
32,riser,110,concrete,2.587830329,noun,5,10.56,4.03,1.32,purist,110,abstract,2.708572951,noun,6,12.11,2.38,1.4,
33,euro,116,concrete,4.575519506,noun,4,13.89,4.3,1.23,reform,116,abstract,4.63400521,noun,6,12.74,2,1.24,
34,coal,118,concrete,4.322589141,noun,4,6.65,4.66,0.86,manner,118,abstract,4.173291058,noun,6,6.83,1.62,0.8,
35,bran,123,concrete,2.928731837,noun,4,9.95,4.48,0.99,funk,123,abstract,3.184286443,noun,4,9.95,1.92,1.32,
36,saline,125,concrete,3.19404628,noun,6,11.71,4.48,0.94,remorse,125,abstract,3.289021793,noun,7,11.11,2,1.05,
37,crust,136,concrete,3.869795534,noun,5,5.95,4.59,0.75,pause,136,abstract,3.860385942,noun,5,6.75,2.38,1.21,
38,patch,138,concrete,4.232420399,noun,5,7.28,4.7,0.54,misery,138,abstract,3.999147797,noun,6,9.22,2.04,1.51,
39,dress,141,concrete,4.847258794,noun,5,4.05,4.93,0.26,mistake,141,abstract,4.791637005,noun,7,5.78,1.97,1,
40,vulva,144,concrete,1.899855709,noun,5,13.11,4.5,1.17,scruple,144,abstract,2.057463562,noun,7,11.84,1.92,1.02,x
41,busload,146,concrete,1.871826985,noun,7,7.47,4.12,1.15,overuse,146,abstract,2.057463562,noun,7,9.17,2.24,1.43,x
42,maize,147,concrete,3.10903549,noun,5,9.59,4.58,0.93,sanity,147,abstract,3.144442046,noun,6,10.29,1.85,1.23,
43,sketch,148,concrete,3.85379652,noun,6,9,4.56,0.7,curse,148,abstract,3.803623751,noun,5,7.47,2.39,1.34,
44,ground,149,concrete,5.189751101,noun,6,4.89,4.77,0.57,times,149,abstract,5.45582633,noun,5,6.7,2.07,1.16,
45,floss,155,concrete,3.270923571,noun,5,7.06,4.41,1.08,cruelty,155,abstract,3.550648749,noun,7,8.89,2.04,1.37,
46,spades,157,concrete,3.355651926,noun,6,7.99,4.53,0.9,whatnot,157,abstract,3.097136267,noun,7,9.61,1.92,1.32,x
47,leak,159,concrete,3.961496643,noun,4,5.47,4.28,1.14,loser,159,abstract,3.982416696,noun,5,6.67,2.35,1.33,
48,risotto,162,concrete,3.733560477,noun,7,16,4.36,1.45,respite,162,abstract,3.509983322,noun,7,14.31,1.77,1.14,
49,vampire,171,concrete,3.98016646,noun,7,7.16,4.18,1.36,pardon,171,abstract,4.144596572,noun,6,7.83,2.24,1.35,
50,egg,173,concrete,4.797035907,noun,3,3.89,4.97,0.18,yours,173,abstract,4.902183791,noun,5,4.51,2.14,1.33,x
51,rivet,179,concrete,2.822840525,noun,5,12.83,4.5,1,elation,179,abstract,2.976769093,noun,7,11.41,2.08,1.2,
52,stitch,180,concrete,3.597194048,noun,6,7.39,4.32,0.77,intent,180,abstract,3.853192494,noun,6,9.37,1.52,0.91,
53,analyst,187,concrete,3.482487148,noun,7,11.75,4.23,1.19,karma,187,abstract,3.294526233,noun,5,13.67,1.93,1.39,
54,pigment,194,concrete,3.072312683,noun,7,11.06,4.4,0.87,fiasco,194,abstract,3.267444558,noun,6,11.68,2.28,1.31,
55,flour,195,concrete,4.392703367,noun,5,6.89,4.97,0.19,memory,195,abstract,4.579851088,noun,6,6.4,2.38,1.52,
56,stone,198,concrete,4.837122781,noun,5,4.44,4.72,0.84,heaven,198,abstract,4.601693425,noun,6,4.22,1.81,1.47,
57,snorer,200,concrete,1.841863762,noun,6,7.79,4.23,0.99,doubter,200,abstract,1.926184648,noun,7,9.44,2.39,1.42,
58,lager,203,concrete,3.563792088,noun,5,14,4.64,0.99,homage,203,abstract,3.415067013,noun,6,13.72,2.17,1.42,
59,lube,204,concrete,2.172856981,noun,4,12.65,4,1.44,impure,204,abstract,2.428129486,noun,6,11.53,2,1.16,
60,head,221,concrete,5.60944364,noun,4,3.42,4.75,0.65,kind,221,abstract,5.602124647,noun,4,4.89,2.07,1.3,
61,drapery,225,concrete,2.515279662,noun,7,12,4.32,1.06,doting,225,abstract,2.691370921,noun,6,11.6,2.13,1.14,x
62,parfait,242,concrete,3.198162846,noun,7,10.76,4.68,0.9,defect,242,abstract,3.243510432,noun,6,10.26,2.48,1.22,
63,haircut,244,concrete,3.729159482,noun,7,4.05,4.77,0.71,sadness,244,abstract,3.721860243,noun,7,5,1.82,1.06,
64,bowler,248,concrete,3.553670991,noun,6,10.58,4.45,0.95,clarity,248,abstract,3.793340055,noun,7,10.55,2,1.1,
65,deli,254,concrete,3.079551092,noun,4,8.84,4.57,0.84,fad,254,abstract,3.011706072,noun,3,10.25,2.36,1.19,
66,garbage,256,concrete,3.449318785,noun,7,4.89,4.69,0.6,hurray,256,abstract,3.498509451,noun,6,5.25,2.48,1.55,
67,cowhide,265,concrete,1.841863762,noun,7,11.44,4.76,0.64,asinine,265,abstract,1.926184648,noun,7,12.71,1.67,0.92,x
68,quiz,266,concrete,4.573337406,noun,4,7.05,4.43,1,excuse,266,abstract,4.858628567,noun,6,6.33,2.29,1.33,
69,brim,271,concrete,2.994588803,noun,4,10.68,4.23,1.14,quirk,271,abstract,2.857103728,noun,5,11.39,2.25,1.27,
70,gypsy,275,concrete,3.591710459,noun,5,8.95,4.45,1.06,wrath,275,abstract,3.409226269,noun,5,10.17,2.42,1.33,x
71,bubble,278,concrete,4.161861597,noun,6,3.79,4.6,0.72,fuss,278,abstract,3.953654177,noun,4,5.5,2.43,1.41,
72,flare,283,concrete,3.290128277,noun,5,9.84,4.5,0.86,info,283,abstract,3.045983745,noun,4,9.37,2.39,1.5,
73,guava,287,concrete,2.227214643,noun,5,12.39,4.86,0.76,revelry,287,abstract,2.158133724,noun,7,12.67,2.23,1.27,
74,judo,289,concrete,3.293430912,noun,4,10.67,4.32,1.19,folly,289,abstract,3.296708622,noun,5,10.67,1.92,1.02,
75,thorax,294,concrete,2.540833766,noun,6,11.31,4.56,1,relapse,294,abstract,2.649978236,noun,7,12.89,2.21,1.18,
76,parsnip,297,concrete,3.267444558,noun,7,10.75,4.85,0.77,virtue,297,abstract,3.514621141,noun,6,11.53,1.62,1.12,
77,wound,298,concrete,4.102956619,noun,5,7.52,4.24,0.78,mercy,298,abstract,4.02370735,noun,5,8.74,1.57,0.73,
78,maze,300,concrete,3.688730825,noun,4,7.11,4.45,0.95,resale,300,abstract,3.663283702,noun,6,8.55,2.26,1.23,
79,citizen,314,concrete,3.88522604,noun,7,7.74,4.43,1.01,madness,314,abstract,4.029384483,noun,7,9.42,1.97,1.2,
80,tibia,315,concrete,2.760193715,noun,5,12.12,4.48,1.16,brevity,315,abstract,2.5019157,noun,7,13.47,2.23,1.31,
81,smile,316,concrete,4.712518439,noun,5,3.51,4.5,0.75,hell,316,abstract,4.885955334,noun,4,5.11,2.41,1.72,
82,pint,322,concrete,4.143668592,noun,4,8.37,4.43,0.84,phase,322,abstract,4.142117538,noun,5,9.4,2.46,1.26,
83,mesh,336,concrete,3.270923571,noun,4,9.89,4.41,0.95,craze,336,abstract,3.483196201,noun,5,9.1,2.04,1.11,
84,cricket,337,concrete,4.452219691,noun,7,7.72,4.77,0.68,courage,337,abstract,4.208953326,noun,7,8.42,1.52,0.99,
85,mascara,338,concrete,3.051761583,noun,7,9.21,4.93,0.26,softie,338,abstract,2.857103728,noun,6,9.47,1.96,1.19,
86,rifle,342,concrete,3.618461184,noun,5,7.85,4.85,0.46,unity,342,abstract,3.841553441,noun,5,9.48,2.23,1.38,
87,cookout,354,concrete,1.540833766,noun,7,7.42,4.25,1.11,offense,354,abstract,1.737128411,noun,7,8.61,2.03,1.02,
88,kick,358,concrete,4.908429269,noun,4,4.06,4.33,0.98,truth,358,abstract,4.909890512,noun,5,4.42,1.96,1.4,
89,notch,366,concrete,3.57079699,noun,5,8.47,4.23,0.91,wits,366,abstract,3.697901788,noun,4,10.25,1.76,1.12,
90,planet,369,concrete,4.659995356,noun,6,6.67,4.58,1.14,respect,369,abstract,4.771975546,noun,7,8.5,2.04,1.27,
91,boa,377,concrete,3.136644808,noun,3,9.56,4.92,0.28,usage,377,abstract,3.266278666,noun,5,10.74,2.07,0.98,
92,lagoon,378,concrete,3.26040179,noun,6,9.42,4.5,0.94,haste,378,abstract,3.232294169,noun,5,9,2.29,1.37,
93,bowel,380,concrete,3.470981986,noun,5,9.72,4.53,0.68,esteem,380,abstract,3.539591149,noun,6,10.55,1.83,1.04,
94,lark,382,concrete,3.521810529,noun,4,11.82,4.28,1.31,unrest,382,abstract,3.586715323,noun,6,10.5,2.24,1.02,
95,spa,383,concrete,3.790556107,noun,3,11.06,4.67,0.92,micro,383,abstract,3.692684975,noun,5,10.44,2.08,1.25,x
96,gavel,392,concrete,3.528882838,noun,5,9.22,4.88,0.43,bland,392,abstract,3.498509451,noun,5,8.35,2.38,1.42,x
97,footman,393,concrete,2.725119504,noun,7,11.59,4.55,0.87,tangent,393,abstract,2.515279662,noun,7,12.16,2.08,1.38,
98,boat,395,concrete,4.886235506,noun,4,3.84,4.93,0.37,plenty,395,abstract,5.005365894,noun,6,5.76,2.39,1.5,
99,fritter,397,concrete,2.767617734,noun,7,13,4.11,1.5,slander,397,abstract,2.664218675,noun,7,14,2.33,1.35,
100,bunny,405,concrete,3.890804723,noun,5,4.5,4.97,0.19,hint,405,abstract,3.948588757,noun,4,5.95,2.33,1.27,
101,manor,406,concrete,3.924136085,noun,5,9.55,4.7,0.61,regard,406,abstract,4.188076979,noun,6,10.2,1.79,0.96,
102,knuckle,409,concrete,3.364121643,noun,7,5.94,4.93,0.26,greed,409,abstract,3.629223014,noun,5,7.63,1.53,0.73,
103,pretzel,412,concrete,2.376976964,noun,7,5,4.74,0.86,fibber,412,abstract,2.227214643,noun,6,7,2.44,1.45,
104,mussel,414,concrete,3.253242928,noun,6,10,4.69,0.76,truce,414,abstract,3.188496115,noun,5,8.8,2.47,1.31,
105,pageant,415,concrete,3.371514068,noun,7,10,4,1.2,bonding,415,abstract,3.457663565,noun,7,11.44,2.48,1.27,
106,ricotta,417,concrete,3.098856247,noun,7,12.67,4.86,0.52,abreast,417,abstract,2.799539447,noun,7,13.06,2.23,1.31,x
107,shroud,425,concrete,2.838750526,noun,6,11.65,4.34,1.17,sync,425,abstract,2.994588803,noun,4,13.22,2.38,1.3,
108,archway,431,concrete,3.059347706,noun,7,10.06,4.28,1.31,queer,431,abstract,3.236065201,noun,5,11.1,2.04,1.37,
109,mulch,438,concrete,2.854098218,noun,5,9.22,4.59,1.05,splurge,438,abstract,2.635254979,noun,7,10.56,2,1.02,
110,serum,441,concrete,2.57079699,noun,5,10.22,4.27,1.17,letdown,441,abstract,2.508649083,noun,7,10.28,1.83,1.04,
111,satin,442,concrete,3.12709949,noun,5,10.37,4.57,0.94,upkeep,442,abstract,3.017955021,noun,6,11.17,2.44,1.37,
112,grave,444,concrete,4.198162846,noun,5,7.06,4.56,0.8,pity,444,abstract,4.095236388,noun,4,8.72,1.87,1.14,
113,hemp,459,concrete,2.620015012,noun,4,12.94,4.85,0.46,snub,459,abstract,2.614813819,noun,4,12.1,2.41,1.15,x
114,pendant,462,concrete,3.457663565,noun,7,10.3,4.75,0.59,urgency,462,abstract,3.582226451,noun,7,9.81,2.03,1.12,
115,dragon,463,concrete,4.276888618,noun,6,5.58,4.39,1.03,soul,463,abstract,4.526773212,noun,4,6.17,1.86,1.33,
116,gecko,464,concrete,3.077752769,noun,5,10.32,4.76,0.72,anguish,464,abstract,3.156633569,noun,7,11.54,2.38,1.27,
117,crypt,465,concrete,2.871826985,noun,5,10.68,4.75,0.61,piety,465,abstract,2.664218675,noun,5,12.6,1.56,0.82,
118,rotator,468,concrete,1.974489327,noun,7,13.5,4.45,0.78,levity,468,abstract,2.18709742,noun,6,14.78,1.81,1.06,
119,shrew,474,concrete,3.168492176,noun,5,11.82,4.07,1.27,angst,474,abstract,3.047918244,noun,5,13.12,1.96,1.09,
120,wink,476,concrete,3.456911539,noun,4,7.65,4.23,1.03,prep,476,abstract,3.557270137,noun,4,9.24,2.36,1.32,
121,author,482,concrete,4.233554821,noun,6,7.1,4.26,1.1,privacy,482,abstract,4.036576276,noun,7,7.84,1.5,0.58,
122,wiper,492,concrete,2.678006959,noun,5,8.37,4.56,0.89,goner,492,abstract,2.829274635,noun,5,9.35,2.12,0.93,
123,giblet,493,concrete,1.951008231,noun,6,11.72,4.62,0.8,egotism,493,abstract,1.809679079,noun,7,13.68,1.9,1.18,
124,gamer,495,concrete,2.451610582,noun,5,11.65,4,0.92,inertia,495,abstract,2.640218398,noun,7,12.84,2.43,1.43,
125,kelp,501,concrete,3.180035566,noun,4,10.22,4.9,0.56,demise,501,abstract,3.437674804,noun,6,10.67,2.31,1.39,
126,scale,503,concrete,4.715225889,noun,5,8.85,4.39,0.83,quality,503,abstract,5.007447215,noun,7,8.78,2.18,1.19,
127,galley,514,concrete,3.164083057,noun,6,12.69,4.07,1.54,pomp,514,abstract,3.232294169,noun,4,12.38,2.44,1.39,
128,buttock,516,concrete,2.553068223,noun,7,10.44,4.79,0.63,snide,516,abstract,2.428129486,noun,5,10.33,2.04,1.08,
129,scuba,522,concrete,3.202240759,noun,5,7.6,4.23,0.82,goody,522,abstract,3.430535556,noun,5,7,2.04,1.26,
130,goose,527,concrete,4.027770003,noun,5,5.15,4.81,0.65,basics,527,abstract,3.875574654,noun,6,6.47,2.27,1.28,
131,clone,531,concrete,3.03219546,noun,5,8.89,4.34,0.86,boredom,531,abstract,3.261583545,noun,7,7.68,1.96,1.32,
132,nylon,533,concrete,3.100569443,noun,5,10,4.7,0.82,lull,533,abstract,2.953414301,noun,4,10.61,2.32,1.28,
133,limo,534,concrete,3.245964079,noun,4,8.42,4.7,0.79,saga,534,abstract,3.530791828,noun,4,10.42,2.19,1.2,
134,toolkit,538,concrete,2.521810529,noun,7,7.83,4.76,0.69,jiffy,538,abstract,2.785640838,noun,5,9.33,2.33,1.35,
135,glass,539,concrete,4.918894069,noun,5,4.47,4.82,0.48,trouble,539,abstract,5.082519966,noun,7,4.56,2.25,1.32,
136,beacon,544,concrete,3.433723053,noun,6,11.37,4.38,0.86,strife,544,abstract,3.158133724,noun,6,11.78,2.2,1.45,
137,worker,546,concrete,4.28097079,noun,6,6.67,4.59,0.73,fantasy,546,abstract,3.995678626,noun,7,8.4,1.59,0.95,
138,brandy,547,concrete,3.830231582,noun,6,12.1,4.81,0.62,closure,547,abstract,3.976769093,noun,7,12.11,1.78,1.28,
139,page,552,concrete,4.524008838,noun,4,5.16,4.9,0.31,skill,552,abstract,4.397907677,noun,5,6.8,2.17,1.29,
140,pupil,559,concrete,3.932776518,noun,5,8.06,4.55,0.63,rating,559,abstract,3.855904019,noun,6,9.47,2.26,1.29,
141,server,562,concrete,2.933781829,noun,6,9.94,4.55,0.91,creed,562,abstract,3.064951584,noun,5,9.17,2.1,0.98,
142,tenant,564,concrete,3.739490853,noun,6,10.33,4.55,0.95,essence,564,abstract,3.964313698,noun,7,11.9,1.66,1.08,
143,bong,565,concrete,3.450084062,noun,4,14.16,4.27,1.19,stigma,565,abstract,3.316912008,noun,6,15.56,1.76,0.97,
144,drainer,568,concrete,1.951008231,noun,7,7,4.22,1.15,pronoun,568,abstract,2.093675735,noun,7,8.63,2.48,1.55,
145,oboe,585,concrete,2.704335898,noun,4,10.78,4.43,1.26,spunk,585,abstract,2.534584817,noun,5,10.85,2.44,1.42,x
146,tropics,588,concrete,3.059347706,noun,7,10.47,4.08,1.02,catchy,588,abstract,3.311685778,noun,6,8.74,1.79,0.98,
147,brake,589,concrete,3.839374961,noun,5,5.95,4.44,0.87,sin,589,abstract,3.95676056,noun,3,6.74,1.85,1.2,
148,tweezer,596,concrete,1.809679079,noun,7,9.89,4.89,0.32,civics,596,abstract,1.841863762,noun,6,11.35,2.21,1.29,
149,pea,603,concrete,3.907656811,noun,3,3.95,4.9,0.56,boo,603,abstract,4.201157054,noun,3,3.78,2.48,1.6,x
150,crop,604,concrete,4.098340968,noun,4,7.63,4.24,1.01,behalf,604,abstract,4.287134277,noun,6,9.2,1.52,0.82,
151,bedmate,607,concrete,1.172856981,noun,7,11,4.27,1.04,peeve,607,abstract,1.394705731,noun,5,11.88,2,1.12,
152,tar,611,concrete,3.324124656,noun,3,7.22,4.78,0.58,saver,611,abstract,3.261583545,noun,5,7.84,2.27,1.28,
153,cellar,621,concrete,3.789857322,noun,6,8.94,4.68,0.86,dilemma,621,abstract,3.833722459,noun,7,10.72,2,1.05,
154,radium,623,concrete,2.708572951,noun,6,14.1,4.17,1.24,malign,623,abstract,2.436098416,noun,6,13.67,2.04,1.19,
155,safari,626,concrete,3.827033523,noun,6,8.44,4.14,1.24,doom,626,abstract,3.799539447,noun,4,9.42,1.5,1.03,
156,seal,628,concrete,4.283558898,noun,4,5.42,4.63,0.74,fame,628,abstract,4.182307877,noun,4,7.26,1.96,1.08,
157,gorge,629,concrete,3.522458246,noun,5,9.17,4.15,1.29,motto,629,abstract,3.637247159,noun,5,10.41,2.48,1.43,
158,cap,634,concrete,4.420257353,noun,3,5.53,4.59,0.84,duty,634,abstract,4.614918455,noun,4,7.15,2.19,1.36,
159,belt,635,concrete,4.32248658,noun,4,4.62,4.9,0.56,limit,635,abstract,4.437989396,noun,5,6.3,2.28,1.33,
160,ribcage,636,concrete,2.576549318,noun,7,8.56,4.96,0.19,humbug,636,abstract,2.816309657,noun,6,8.29,1.57,0.95,x
161,cunt,637,concrete,3.030189477,noun,4,13.74,4.21,1.17,innate,637,abstract,2.907923331,noun,6,13.58,1.73,0.87,x
162,cognac,648,concrete,2.915843814,noun,6,14.16,4.54,1.1,fascism,648,abstract,3.007489587,noun,7,14.33,1.83,1.23,
163,cart,652,concrete,3.774554909,noun,4,6.16,4.89,0.42,guilt,652,abstract,3.834038424,noun,5,7.05,1.93,1.36,
164,cattle,655,concrete,4.245106879,noun,6,6.53,4.64,0.78,emotion,655,abstract,4.049074822,noun,7,6.37,2.44,1.48,
165,stage,657,concrete,5.189110117,noun,5,6.32,4.64,0.91,chance,657,abstract,5.455984759,noun,6,7.78,1.64,0.99,
166,moist,662,concrete,3.786346434,noun,5,9.55,4,0.98,rogue,662,abstract,3.876721307,noun,5,11.48,2.32,1.38,
167,cavity,675,concrete,3.390340925,noun,6,7.5,4.5,0.9,counsel,675,abstract,3.449318785,noun,7,9.42,2.48,1.43,
168,sunroom,677,concrete,2.534584817,noun,7,9.37,4.7,0.54,senile,677,abstract,2.640218398,noun,6,11.26,2.46,1.5,x
169,cargo,680,concrete,3.816638544,noun,5,9.48,4.62,0.73,awe,680,abstract,3.777442996,noun,3,9.06,1.89,1.22,
170,tendon,686,concrete,2.981293035,noun,6,9.58,4.47,0.97,sleaze,686,abstract,2.848024071,noun,6,11.21,2.41,1.05,
171,bladder,692,concrete,3.429735013,noun,7,10.78,4.48,1.06,dynasty,692,abstract,3.621047818,noun,7,10.5,2.46,1.45,
172,prize,694,concrete,4.808407743,noun,5,5.11,4.45,0.74,freedom,694,abstract,4.643757259,noun,7,7.05,2.34,1.4,
173,mail,699,concrete,4.627701841,noun,4,4.65,4.69,0.74,cause,699,abstract,4.830295304,noun,5,5.84,2.43,1.4,
174,gallop,708,concrete,3.345070585,noun,6,8.32,4.17,1.23,vibes,708,abstract,3.161118578,noun,5,9.95,2.48,1.27,x
175,throne,711,concrete,4.000226254,noun,6,7.28,4.64,0.99,harmony,711,abstract,3.877007498,noun,7,8.79,2.46,1.23,
176,braid,715,concrete,2.587830329,noun,5,7.22,4.38,1.21,twerp,715,abstract,2.436098416,noun,5,8,2.44,1.37,x
177,target,719,concrete,4.811379516,noun,6,7.58,4.11,1.13,shame,719,abstract,4.723655863,noun,5,6.55,2.24,1.46,
178,pouch,720,concrete,3.360377702,noun,5,6.56,4.5,1,dreamer,720,abstract,3.063091647,noun,7,7.25,2.19,1.33,
179,blazer,726,concrete,3.059347706,noun,6,9.6,4.79,0.56,rarity,726,abstract,3.296708622,noun,6,10.94,2.24,1.41,
180,car,731,concrete,5.441200895,noun,3,3.37,4.89,0.31,fun,731,abstract,5.309112361,noun,3,3.67,1.97,1.38,
181,salmon,733,concrete,4.336912273,noun,6,8,4.81,0.63,option,733,abstract,4.60502425,noun,6,8.79,2.39,1.45,
182,domino,741,concrete,3.325145325,noun,6,6.17,4.59,1.08,undoing,741,abstract,3.040128,noun,7,8.08,2.41,1.32,
183,pork,743,concrete,4.388494544,noun,4,5.63,4.79,0.82,faith,743,abstract,4.666361503,noun,5,7.62,1.63,1.08,
184,skewer,746,concrete,2.96524867,noun,6,8.94,4.46,0.92,taker,746,abstract,3.243510432,noun,5,7.9,2.3,1.2,
185,cursor,759,concrete,2.308519583,noun,6,12.16,4.33,1,whimsy,759,abstract,2.367833584,noun,6,10.26,1.85,1.13,
186,onyx,770,concrete,2.883256447,noun,4,13.29,4.64,0.99,jargon,770,abstract,3.115691475,noun,6,11.94,2.07,1.13,
187,venom,774,concrete,3.755677614,noun,5,7.95,4.62,0.92,flair,774,abstract,3.509316715,noun,5,8.91,2.46,1.35,
188,wheel,786,concrete,4.506841333,noun,5,4.4,4.86,0.45,peace,786,abstract,4.743399921,noun,5,6.32,1.62,1.35,
189,crate,788,concrete,3.287912484,noun,5,7.06,4.93,0.26,hunch,788,abstract,3.491615744,noun,5,8.68,2,1.41,
190,stud,790,concrete,3.45916372,noun,4,10.78,4,1.17,ordeal,790,abstract,3.632249469,noun,6,10.06,2.04,1.15,
191,print,791,concrete,4.290680463,noun,5,7.67,4.17,1.26,talent,791,abstract,4.578999586,noun,6,7,2.19,1.14,
192,wombat,803,concrete,2.534584817,noun,6,11.31,4.48,1.19,kudos,803,abstract,2.806325436,noun,5,13.26,2,1.22,
193,piece,805,concrete,5.270380363,noun,5,4.89,4.14,1.24,act,805,abstract,4.988943543,noun,3,6.42,2.46,1.27,
194,infant,808,concrete,3.475332217,noun,6,6.42,4.93,0.37,plea,808,abstract,3.634755503,noun,4,8.42,2.39,1.23,
195,prison,809,concrete,4.813371544,noun,6,7.5,4.68,0.67,success,809,abstract,4.91626221,noun,7,9.25,2.21,1.37,
196,seaman,811,concrete,3.070484072,noun,6,9.45,4.42,0.95,poise,811,abstract,3.028174186,noun,5,11.33,2.39,1.31,
197,sign,813,concrete,4.975721887,noun,4,4.32,4.62,0.62,nobody,813,abstract,5.084901811,noun,6,5.25,2.32,1.49,
198,chalice,821,concrete,2.958186816,noun,7,11.35,4.83,0.46,pronto,821,abstract,2.953414301,noun,6,9.59,2.21,1.37,x
199,spandex,824,concrete,2.466587738,noun,7,9.89,4.97,0.19,infamy,824,abstract,2.508649083,noun,6,10.56,1.75,1.04,
200,pulp,842,concrete,3.409226269,noun,4,9.63,4.3,1.23,bias,842,abstract,3.204938249,noun,4,10.71,1.68,0.9,
201,tobacco,843,concrete,3.823811739,noun,7,7.39,4.88,0.34,fiction,843,abstract,4.10549983,noun,7,7.22,2.14,1.48,
202,jury,845,concrete,4.174013558,noun,4,11.05,4.64,0.56,status,845,abstract,4.383532138,noun,6,11.63,2.24,1.43,
203,gunner,847,concrete,3.10566885,noun,6,10.13,4.35,1.2,modesty,847,abstract,3.207619087,noun,7,10.89,2.23,1.33,
204,dairy,853,concrete,3.999147797,noun,5,6.85,4.45,0.83,terror,853,abstract,4.061784936,noun,6,8.79,2.43,1.48,
205,wick,861,concrete,3.164083057,noun,4,7.83,4.69,0.71,meek,861,abstract,2.928731837,noun,4,9.7,2.22,1.34,
206,rodeo,879,concrete,3.055571209,noun,5,8.33,4.81,0.4,nay,879,abstract,3.307459034,noun,3,10.31,2.41,1.57,x
207,dial,881,concrete,3.796106271,noun,4,6.68,4.52,0.99,sorrow,881,abstract,3.562613541,noun,6,8.42,2.36,1.39,
208,snarl,897,concrete,2.451610582,noun,5,8.75,4,1.22,smidge,897,abstract,2.318985017,noun,6,9.17,2.21,1.28,
209,mite,898,concrete,3.083125553,noun,4,11.35,4.3,1.11,whim,898,abstract,3.155128214,noun,4,10.74,1.69,0.79,
210,hike,899,concrete,3.595556229,noun,4,9.4,4.14,0.95,slang,899,abstract,3.563792088,noun,5,10.68,2.48,1.5,
211,stubble,902,concrete,2.822840525,noun,7,9.28,4.54,0.65,lunacy,902,abstract,2.822840525,noun,6,10.58,1.76,0.87,
212,gash,908,concrete,2.946155729,noun,4,7.95,4.39,1.1,vow,908,abstract,3.202240759,noun,3,9.32,2.42,1.15,
213,speck,912,concrete,3.011706072,noun,5,8.48,4.46,0.9,boyhood,912,abstract,2.880427157,noun,7,8.61,2.29,1.23,
214,wasabi,921,concrete,2.744953749,noun,6,13.95,4.67,0.88,atheism,921,abstract,2.528244639,noun,7,12.69,2.23,1.36,
215,fillet,922,concrete,3.803623751,noun,6,10.95,4.75,0.53,macro,922,abstract,3.885787144,noun,5,12.78,2.31,1.38,x
216,walnut,926,concrete,3.725119504,noun,6,6.16,4.97,0.18,absence,926,abstract,3.888581841,noun,7,7.7,2.31,1.35,
217,chef,931,concrete,4.69521426,noun,4,8.3,4.3,1.29,demand,931,abstract,4.564262613,noun,6,7.83,2.2,1.27,
218,elm,937,concrete,3.402453509,noun,3,9.06,4.69,1.04,merit,937,abstract,3.577120383,noun,5,10.47,1.66,0.97,
219,piano,947,concrete,4.359530848,noun,5,5.5,4.9,0.41,drama,947,abstract,4.519144741,noun,5,7.39,2.34,1.37,
220,bungee,955,concrete,3.276660702,noun,6,11.16,4.39,0.96,fluke,955,abstract,3.291231948,noun,5,10.1,2.34,1.42,
221,stag,956,concrete,3.875287517,noun,4,12.35,4.39,0.88,zest,956,abstract,3.659995356,noun,4,10.56,2.27,1.46,
222,radio,958,concrete,4.821151924,noun,5,5.17,4.74,0.53,trust,958,abstract,5.018037736,noun,5,6.55,2.04,1.29,
223,cleft,959,concrete,2.691370921,noun,5,11.83,4.31,1.05,obtuse,959,abstract,2.428129486,noun,6,12.06,2.14,1.19,x
224,museum,962,concrete,4.593527708,noun,6,8.55,4.6,0.91,culture,962,abstract,4.725444089,noun,7,9.52,2.04,1.34,
225,maid,968,concrete,3.771647488,noun,4,6.95,4.64,0.87,hatred,968,abstract,3.648043736,noun,6,8.72,2,1.2,
226,pucker,970,concrete,2.495076276,noun,6,7.61,4.13,1.17,wacko,970,abstract,2.436098416,noun,5,8.95,2.28,1.31,x
227,shelter,975,concrete,4.132534236,noun,7,9.21,4.64,0.62,affair,975,abstract,4.296381962,noun,6,10.94,2.45,1.27,
228,world,987,concrete,5.882446325,noun,5,5.32,4.36,0.87,nothing,987,abstract,5.636127682,noun,7,5.21,2.21,1.52,x
229,poker,988,concrete,3.783162183,noun,5,9.1,4.2,1.19,brink,988,abstract,3.823488242,noun,5,10.47,2.48,1.33,
230,mobster,996,concrete,1.996765722,noun,7,10,4.13,1.25,drudge,996,abstract,2.017955021,noun,6,10.65,2.44,1.55,
231,talker,1000,concrete,2.863053061,noun,6,5.74,4.39,0.99,favor,1000,abstract,2.799539447,noun,5,6.94,2.07,1.19,
232,survey,1001,concrete,4.282435528,noun,6,11.26,4.08,1.19,destiny,1001,abstract,3.98621554,noun,7,10.21,1.67,0.92,
233,lithium,1002,concrete,2.857103728,noun,7,13.9,4.13,1.38,malice,1002,abstract,2.994588803,noun,6,12.33,1.72,0.79,
234,item,1003,concrete,4.699626892,noun,4,5.68,4.41,0.87,role,1003,abstract,4.943978809,noun,4,6.65,2.19,1.27,
235,mare,1005,concrete,3.652384305,noun,4,8.84,4.75,0.59,heyday,1005,abstract,3.563792088,noun,6,10.59,1.52,0.7,
236,bedrock,1006,concrete,3.103975692,noun,7,10.67,4.46,0.99,headway,1006,abstract,3.038158407,noun,7,11.06,2.3,1.32,
237,ledge,1013,concrete,3.377880803,noun,5,11.05,4.72,0.74,breadth,1013,abstract,3.453890348,noun,7,11.38,2.23,1.31,
238,estate,1018,concrete,4.767507306,noun,6,10.84,4.11,1.23,benefit,1018,abstract,4.827899322,noun,7,9.17,2.25,1.46,
239,brain,1019,concrete,4.8371855,noun,5,5.76,4.69,0.74,risk,1019,abstract,4.984833925,noun,4,7.58,1.63,0.81,
240,soy,1024,concrete,3.638239832,noun,3,13.56,4.7,0.6,circa,1024,abstract,3.363188679,noun,5,13.12,2.12,1.11,x
241,rosary,1039,concrete,2.451610582,noun,6,8.21,4.63,0.81,witchy,1039,abstract,2.18709742,noun,6,8.32,2.46,1.33,x
242,cigar,1051,concrete,3.592812729,noun,5,7.67,4.93,0.27,gloom,1051,abstract,3.603684248,noun,5,9,1.86,1.09,
243,pyramid,1055,concrete,3.713603445,noun,7,7.61,4.96,0.2,dread,1055,abstract,3.6576312,noun,5,9.44,1.86,1.06,
244,gin,1063,concrete,3.886347524,noun,3,12.06,4.46,1.07,trend,1063,abstract,4.017748165,noun,5,10.84,2.42,1.27,
245,panel,1065,concrete,4.3873476,noun,5,9.11,4.26,1.29,verdict,1065,abstract,4.08755265,noun,7,11.05,2.19,1.22,
246,axle,1067,concrete,2.931264173,noun,4,10.85,4.5,1.14,forte,1067,abstract,3.185694206,noun,5,12.72,2.39,1.26,
247,joust,1071,concrete,2.443923753,noun,5,10.63,4.03,0.93,penance,1071,abstract,2.695735726,noun,7,12.5,1.52,0.77,
248,herb,1078,concrete,3.764292621,noun,4,9.05,4.57,1.03,mode,1078,abstract,3.838750526,noun,4,9.68,2.46,1.45,
249,cog,1079,concrete,3.505295441,noun,3,11.33,4.46,1.14,vibe,1079,abstract,3.560839701,noun,4,11,1.89,1.05,
250,cloak,1081,concrete,3.426518002,noun,5,6.95,4.71,0.9,sane,1081,abstract,3.351833928,noun,4,8.5,1.79,0.94,x
251,basin,1083,concrete,3.482487148,noun,5,10,4.63,0.79,gimmick,1083,abstract,3.188496115,noun,7,11.89,2.34,1.26,
252,attire,1091,concrete,2.96524867,noun,6,11.22,4.47,0.88,gripe,1091,abstract,2.691370921,noun,5,10.44,2.15,1.01,
253,rind,1093,concrete,2.981293035,noun,4,8.95,4.48,1.16,glum,1093,abstract,3.015882012,noun,4,10.15,2.11,1.25,x
254,bassist,1095,concrete,2.553068223,noun,7,11.67,4.17,0.82,censure,1095,abstract,2.488127416,noun,7,13,2.44,1.33,
255,balcony,1097,concrete,3.83435416,noun,7,8.1,4.68,0.72,ruling,1097,abstract,4.007489587,noun,6,9.89,2.32,1.35,
256,emu,1099,concrete,3.072312683,noun,3,9,4.79,0.62,glam,1099,abstract,3.298880099,noun,4,11,2.43,0.99,
257,album,1103,concrete,4.546504453,noun,5,6.72,4.69,0.68,fault,1103,abstract,4.751801656,noun,5,6.94,2.41,1.45,
258,tartar,1105,concrete,2.785640838,noun,6,9.94,4.4,1.13,,1105,abstract,2.582226451,noun,4,11.53,1.79,0.98,x
259,kebab,1109,concrete,3.511313475,noun,5,10.44,4.85,0.6,muse,1109,abstract,3.286800333,noun,4,11.94,2.45,1.43,
260,harvest,1122,concrete,4.030792246,noun,7,7.4,4,1.31,glamour,1122,abstract,3.877579314,noun,7,9.11,2.11,1.15,
261,sifter,1127,concrete,2.41173907,noun,6,11,4.64,0.62,miser,1127,abstract,2.41173907,noun,5,11.57,2.36,1.38,
262,smock,1131,concrete,2.528244639,noun,5,6.26,4.78,0.6,meanie,1131,abstract,2.559058586,noun,6,4.79,2.43,1.34,x
263,meter,1133,concrete,3.639230242,noun,5,8.56,4.7,0.72,knack,1133,abstract,3.358493558,noun,5,9.78,2.05,1.09,
264,carcass,1138,concrete,3.451610582,noun,7,12.25,4.46,1.17,enigma,1138,abstract,3.283446691,noun,6,14.17,1.79,1.2,
265,gateway,1146,concrete,3.576549318,noun,7,8.38,4.07,1.33,ultra,1146,abstract,3.572530702,noun,5,9.27,1.55,0.91,x
266,valet,1151,concrete,2.948588757,noun,5,13.67,4.26,1.13,wry,1151,abstract,2.860088582,noun,3,13.4,1.59,0.84,
267,heart,1155,concrete,5.299583497,noun,5,5.17,4.52,0.95,idea,1155,abstract,5.564656286,noun,4,5.95,1.61,1.2,
268,carbon,1160,concrete,4.385754507,noun,6,10.55,4.22,1.34,epic,1160,abstract,4.103466454,noun,4,10.86,2.19,1.36,x
269,mayor,1163,concrete,4.392179489,noun,5,8.28,4.37,1.08,context,1163,abstract,4.279953838,noun,7,10,2.17,1.29,
270,cadet,1164,concrete,3.316912008,noun,5,9.68,4.21,0.92,onset,1164,abstract,3.084901811,noun,5,10.72,2.14,1.27,
271,growl,1168,concrete,3.098856247,noun,5,5.79,4.3,1.1,rundown,1168,abstract,2.918452197,noun,7,7.78,2.3,1.3,
272,petrol,1170,concrete,4.241413876,noun,6,12.28,4.29,1.23,daft,1170,abstract,3.95389392,noun,4,12.26,2.42,1.33,x
273,video,1171,concrete,4.556133631,noun,5,8.06,4.67,0.62,scheme,1171,abstract,4.689568593,noun,6,9.65,2.41,1.19,
274,puss,1175,concrete,3.115691475,noun,4,8.5,4.21,1.23,grudge,1175,abstract,3.188496115,noun,6,10.42,2.14,1.21,
275,yarn,1180,concrete,3.142893758,noun,4,6.61,4.93,0.37,poof,1180,abstract,2.907923331,noun,4,5.67,2.22,1.09,x
276,driver,1194,concrete,4.708657272,noun,6,4.95,4.71,0.66,mystery,1194,abstract,4.695822576,noun,7,6.89,2.33,1.66,
277,bowtie,1201,concrete,2.18709742,noun,6,7.94,4.89,0.31,rawness,1201,abstract,2.385931806,noun,7,8.68,2.36,1.19,
278,pug,1202,concrete,2.883256447,noun,3,9.17,4.62,0.9,tact,1202,abstract,2.883256447,noun,4,10.42,1.76,1.12,
279,locket,1206,concrete,3.234811825,noun,6,8.35,4.82,0.48,norm,1206,abstract,3.52375079,noun,4,9.84,2.11,1.1,
280,rum,1209,concrete,3.91321967,noun,3,11.56,4.93,0.26,cure,1209,abstract,4.138528952,noun,4,9.58,2.41,1.38,
281,shot,1216,concrete,5.196904576,noun,4,5.84,4.44,0.89,future,1216,abstract,5.300544768,noun,6,7.16,1.86,1.3,
282,lunge,1220,concrete,2.926184648,noun,5,9.83,4.16,1.21,uplift,1220,abstract,2.752640578,noun,6,10,2.34,1.26,
283,crease,1225,concrete,3.125488006,noun,6,7.79,4.45,0.95,pleaser,1225,abstract,2.863053061,noun,7,9.33,2.38,1.42,
284,flesh,1229,concrete,4.150580586,noun,5,8.3,4.59,0.95,ban,1229,abstract,4.300825188,noun,3,10.11,2.37,1.5,
285,shears,1230,concrete,2.936284974,noun,6,9.46,4.61,0.84,mutiny,1230,abstract,3.12709949,noun,6,10.59,2.24,0.97,
286,pub,1237,concrete,4.706671391,noun,3,12.05,4.71,0.6,basis,1237,abstract,4.625307905,noun,5,11.05,1.83,0.97,
287,store,1245,concrete,4.631595524,noun,5,4.76,4.5,0.65,joy,1245,abstract,4.525939325,noun,3,6.74,2.37,1.52,
288,topaz,1246,concrete,2.598825713,noun,5,11.19,4.37,1.25,hearsay,1246,abstract,2.678006959,noun,7,12.76,1.82,1.06,
289,beet,1247,concrete,3.115691475,noun,4,6.56,4.8,0.76,fib,1247,abstract,2.854098218,noun,3,6.5,2.47,1.53,
290,bistro,1252,concrete,2.851071764,noun,6,11.79,4.44,1.16,allure,1252,abstract,2.943708993,noun,6,11.83,1.92,1.29,
291,jockey,1268,concrete,3.859791018,noun,6,8.28,4.59,0.91,upgrade,1268,abstract,3.612715774,noun,7,9.17,2.36,1.32,
292,slate,1273,concrete,3.892464449,noun,5,9.25,4.58,0.86,logic,1273,abstract,3.898224043,noun,5,10.58,1.72,1.07,
293,carp,1276,concrete,3.13506842,noun,4,11.42,4.62,0.9,vulgar,1276,abstract,3.236065201,noun,6,11.57,1.97,0.98,x
294,lobe,1284,concrete,2.943708993,noun,4,10.17,4.44,0.85,phobia,1284,abstract,3.195422809,noun,6,9.83,2.1,1.37,
295,vendor,1289,concrete,3.120617363,noun,6,10.17,4.5,0.92,legit,1289,abstract,2.985770338,noun,5,11.35,2.29,1.24,x
296,moat,1295,concrete,3.68563029,noun,4,9.65,4.69,0.62,ego,1295,abstract,3.632249469,noun,3,10.89,1.74,1.1,
297,gull,1299,concrete,3.10566885,noun,4,8.65,4.08,1.52,amends,1299,abstract,3.23731497,noun,6,10.16,1.92,1.09,x
298,muzzle,1300,concrete,3.066803588,noun,6,8.44,4.59,0.8,ethic,1300,abstract,3.303190749,noun,5,10.21,1.59,0.93,
299,brine,1306,concrete,2.969893575,noun,5,14.25,4.24,1.23,affront,1306,abstract,2.686961802,noun,7,12.44,1.83,1.1,
300,biceps,1307,concrete,2.785640838,noun,6,9.42,4.93,0.27,sorcery,1307,abstract,2.704335898,noun,7,10.39,2,1.11,
301,manual,1321,concrete,3.699196258,noun,6,7.57,4.45,0.91,despair,1321,abstract,3.809010419,noun,7,9.56,2.21,1.32,
302,shaft,1324,concrete,3.604220745,noun,5,10.17,4.71,0.53,denial,1324,abstract,3.600451271,noun,6,9.45,2.46,1.48,
303,liquor,1325,concrete,3.481065561,noun,6,8.4,4.73,0.53,imagery,1325,abstract,3.392092115,noun,7,10.28,2.48,1.37,
304,city,1328,concrete,5.397424572,noun,4,6.56,4.79,0.57,health,1328,abstract,5.1396399,noun,6,7.56,2.28,1.22,
305,poster,1329,concrete,3.925929105,noun,6,8.12,4.66,1.04,wisdom,1329,abstract,3.922335631,noun,6,9.61,1.53,0.86,
306,bicep,1333,concrete,2.466587738,noun,5,8.67,4.67,0.73,dibs,1333,abstract,2.744953749,noun,4,7.56,2.23,1.34,
307,satchel,1342,concrete,2.654777119,noun,7,12.35,4.73,0.69,potency,1342,abstract,2.593362817,noun,7,12.89,2.32,1.44,
308,realtor,1344,concrete,2.017955021,noun,7,11.71,4.61,0.88,dualism,1344,abstract,1.809679079,noun,7,13.57,2.19,1.42,
309,hash,1349,concrete,3.308519583,noun,4,12.74,4.1,1.32,homing,1349,abstract,3.12387052,noun,6,11.75,2,1.14,x
310,ember,1350,concrete,2.308519583,noun,5,10.5,4.36,1.04,screwy,1350,abstract,2.142893758,noun,6,10.95,1.83,1.04,x
311,syringe,1351,concrete,3.122246988,noun,7,10.63,4.81,0.57,prelude,1351,abstract,2.860088582,noun,7,11.06,2.33,1.44,
312,receipt,1361,concrete,3.682954956,noun,7,8.53,4.86,0.36,racism,1361,abstract,3.712351274,noun,6,9.56,2.36,1.11,
313,tuxedo,1376,concrete,2.620015012,noun,6,8.26,4.86,0.44,caving,1376,abstract,2.897132851,noun,6,10.11,2.38,1.44,
314,bleach,1385,concrete,3.223365627,noun,6,8,4.74,0.53,decency,1385,abstract,3.298880099,noun,7,9,2,1.19,
315,snuff,1387,concrete,3.675739098,noun,5,11.79,4.04,1.29,output,1387,abstract,3.765033738,noun,6,10.72,2.48,1.6,
316,logbook,1388,concrete,2.729159482,noun,7,12.22,4.54,1.04,dogma,1388,abstract,2.796106271,noun,5,12.89,1.79,1.03,
317,cafe,1390,concrete,4.251072054,noun,4,8.75,4.96,0.19,anti,1390,abstract,4.541143866,noun,4,9.37,2.12,1.26,x
318,puma,1391,concrete,2.918452197,noun,4,9,4.86,0.44,dismay,1391,abstract,3.036179841,noun,6,10.9,2.29,1.27,
319,carjack,1403,concrete,1.297795718,noun,7,12.33,4.39,0.99,demerit,1403,abstract,1.540833766,noun,7,11.71,2.19,1.36,
320,trunk,1420,concrete,3.929746544,noun,5,8.3,4.71,0.69,triumph,1420,abstract,4.010866043,noun,7,10.16,2.17,1.36,
321,bullet,1421,concrete,4.075765974,noun,6,6.7,4.83,0.82,odds,1421,abstract,4.12709949,noun,4,8.58,2.24,1.46,
322,ad,1423,concrete,4.094716793,noun,2,8.22,4.46,1.14,par,1423,abstract,4.012963075,noun,3,10.16,2.26,1.45,
323,factory,1427,concrete,4.587496128,noun,7,6.89,4.76,0.79,opinion,1427,abstract,4.693995065,noun,7,8.42,1.93,1.14,
324,buggy,1435,concrete,3.414237415,noun,5,6.95,4.18,1.16,hassle,1435,abstract,3.533324164,noun,6,8.65,2.18,1.25,
325,quiche,1441,concrete,3.245964079,noun,6,13.13,4.53,0.94,mockery,1441,abstract,2.967577333,noun,7,12.22,2.33,1.39,
326,drape,1442,concrete,2.564967446,noun,5,9.11,4.5,0.82,oddity,1442,abstract,2.789157411,noun,6,10.53,2.11,1.25,
327,pellet,1454,concrete,2.813007022,noun,6,10.18,4.56,0.75,rebirth,1454,abstract,2.960553549,noun,7,10,2.21,1.42,
328,bongo,1460,concrete,3.038158407,noun,5,8.4,4.77,0.43,earnest,1460,abstract,3.272077076,noun,7,10.22,2.24,1.3,
329,dwarf,1463,concrete,3.585037429,noun,5,7.65,4.45,0.95,loyalty,1463,abstract,3.849550591,noun,7,8.78,1.57,0.88,
330,vagina,1468,concrete,3.138215495,noun,6,8.89,4.82,0.77,renewal,1468,abstract,3.41672147,noun,7,10.74,2.29,1.05,x
331,alcove,1472,concrete,2.68250746,noun,6,12.11,4.08,1.21,godsend,1472,abstract,2.888860325,noun,7,11.56,1.54,0.88,
332,arcade,1474,concrete,3.327179495,noun,6,7.79,4.74,0.53,frenzy,1474,abstract,3.498509451,noun,6,9.53,2.31,1.2,
333,rail,1475,concrete,4.397130995,noun,4,7.89,4.9,0.41,blues,1475,abstract,4.666640224,noun,5,9.81,2.31,1.19,x
334,clergy,1478,concrete,3.362253707,noun,6,10.15,4.03,1.3,havoc,1478,abstract,3.569056328,noun,5,10.5,2.18,1.09,
335,casing,1487,concrete,3.074133627,noun,6,11.53,4.28,1.33,zeal,1487,abstract,2.809679079,noun,4,13.12,2.33,1.33,
336,warship,1489,concrete,3.091935073,noun,7,10.44,4.86,0.44,persona,1489,abstract,3.21556372,noun,7,11.33,2.33,1.3,
337,acre,1494,concrete,3.925929105,noun,4,9.8,4.18,1.22,irony,1494,abstract,3.732763606,noun,5,11.4,1.59,1.08,
338,neon,1508,concrete,3.269766994,noun,4,8,4.07,1.26,tad,1508,abstract,3.424900516,noun,3,9.32,2.09,1.44,x
339,slum,1513,concrete,3.320017822,noun,4,11.9,4.03,0.98,motive,1513,abstract,3.607957783,noun,6,11.06,1.5,0.9,
340,mogul,1515,concrete,2.865997442,noun,5,12.32,4.04,1.31,pseudo,1515,abstract,2.744953749,noun,6,13.75,1.9,1.14,x
341,squid,1526,concrete,3.824134995,noun,5,7.32,4.71,0.71,romance,1526,abstract,4.088959843,noun,7,9.28,2.19,1.3,
342,flea,1528,concrete,3.499875159,noun,4,7.79,4.89,0.32,glee,1528,abstract,3.521810529,noun,4,9.28,2.27,1.28,
343,marrow,1532,concrete,3.595008914,noun,6,12.16,4.48,0.96,merger,1532,abstract,3.390340925,noun,6,13.1,2.34,1.37,
344,county,1535,concrete,4.768059164,noun,6,8.9,4.04,1.1,crisis,1535,abstract,4.859612382,noun,6,9,2.33,1.45,
345,truffle,1536,concrete,3.602070768,noun,7,13.62,4.6,0.97,inkling,1536,abstract,3.375163623,noun,7,12.89,2.25,1.46,
346,child,1541,concrete,5.144720153,noun,5,5.15,4.78,0.58,care,1541,abstract,5.340331854,noun,4,5.65,2.33,1.14,
347,airport,1546,concrete,4.543431747,noun,7,6.84,4.87,0.43,version,1546,abstract,4.536782192,noun,7,8.11,1.7,0.79,
348,teat,1551,concrete,2.712769065,noun,4,11.94,4.38,1.24,chaste,1551,abstract,2.5019157,noun,6,13.11,2.14,1.3,x
349,board,1552,concrete,5.098942068,noun,5,6.37,4.57,1,reason,1552,abstract,5.18989032,noun,6,7.84,1.93,1.36,
350,larva,1557,concrete,2.737128411,noun,5,8.83,4.52,0.82,psych,1557,abstract,2.969893575,noun,5,10.11,2.04,1.22,x
351,sulfur,1561,concrete,1.649978236,noun,6,13.6,4.43,0.94,egotist,1561,abstract,1.598825713,noun,7,13.38,2.15,1.46,
352,pesto,1571,concrete,3.343118696,noun,5,13.8,4.46,0.78,equity,1571,abstract,3.612715774,noun,6,15.53,2.22,1.31,
353,barge,1572,concrete,3.596102855,noun,5,9.28,4.66,0.9,default,1572,abstract,3.820891556,noun,7,10.85,2,1.22,
354,bugle,1573,concrete,3.013799061,noun,5,8.88,4.84,0.47,wording,1573,abstract,3.224652426,noun,7,10.22,2.45,1.3,
355,haze,1578,concrete,3.161118578,noun,4,11.62,4.04,1.02,hype,1578,abstract,3.392092115,noun,4,11,1.75,1.17,
356,abscess,1579,concrete,2.946155729,noun,7,13.11,4.48,0.8,gusto,1579,abstract,2.992400916,noun,5,11.53,2.25,1.27,
357,nurse,1589,concrete,4.497824984,noun,5,5.84,4.39,0.96,concern,1589,abstract,4.70014309,noun,7,7.42,1.7,1.02,
358,sod,1592,concrete,3.568474554,noun,3,10.82,4.62,0.77,farce,1592,abstract,3.30426176,noun,5,12.12,2.32,1.19,
359,grenade,1596,concrete,3.357548412,noun,7,9.72,4.9,0.56,accord,1596,abstract,3.248403942,noun,6,9.65,1.57,1.04,
360,podium,1597,concrete,4.166293211,noun,6,9.35,4.89,0.31,aspect,1597,abstract,4.235940026,noun,6,10.35,1.82,1.1,
361,roofer,1600,concrete,2.712769065,noun,6,7.84,4.79,0.5,taint,1600,abstract,2.515279662,noun,5,9.84,2.19,1.39,
362,tee,1602,concrete,3.848635323,noun,3,8.21,4.59,0.91,reign,1602,abstract,3.963845456,noun,5,9.42,2.37,1.33,
363,choir,1606,concrete,4.241290233,noun,5,6.53,4.34,1.14,purpose,1606,abstract,4.511180642,noun,7,8.37,1.52,0.98,
364,island,1607,concrete,4.964337097,noun,6,7.41,4.96,0.19,effect,1607,abstract,4.83821905,noun,6,9.26,1.8,1.19,
365,relic,1612,concrete,3.395573452,noun,5,10.63,4.07,1.11,vogue,1612,abstract,3.453890348,noun,5,11.6,2.15,1.13,
366,bisque,1614,concrete,3.150580586,noun,6,14,4.08,1.29,elitist,1614,abstract,3.013799061,noun,7,13.86,2.42,1.45,x
367,depot,1621,concrete,3.447784174,noun,5,9.11,4.14,1.16,neglect,1621,abstract,3.647558762,noun,7,9.84,2.26,0.98,
368,router,1653,concrete,2.620015012,noun,6,12.68,4.19,1.33,naivety,1653,abstract,2.819587367,noun,7,12.44,1.74,1.01,
369,hearse,1656,concrete,2.91321967,noun,6,9.89,4.85,0.46,lieu,1656,abstract,2.712769065,noun,4,11.65,1.73,1,x
370,band,1657,concrete,4.935510541,noun,4,6.16,4.68,0.77,effort,1657,abstract,4.764848578,noun,6,8.16,2.33,1.33,
371,racket,1664,concrete,3.621563301,noun,6,8.2,4.26,1.1,outrage,1664,abstract,3.58391522,noun,7,9.9,2.45,1.38,
372,lapel,1666,concrete,2.74881417,noun,5,11.73,4.56,1.09,realist,1666,abstract,2.907923331,noun,7,13.48,2.34,1.29,
373,tit,1669,concrete,3.478924417,noun,3,10.32,4.64,0.95,feat,1669,abstract,3.64561343,noun,4,11.26,2.44,1.34,x
374,keypad,1671,concrete,2.367833584,noun,6,10.05,4.81,0.79,simile,1671,abstract,2.158133724,noun,6,11.68,2.04,1.31,
375,gnat,1672,concrete,2.481065561,noun,4,10.1,4.83,0.61,mooch,1672,abstract,2.451610582,noun,5,11.72,2.28,1.24,x
376,injury,1682,concrete,4.567308662,noun,6,7.56,4,1.22,focus,1682,abstract,4.780562143,noun,5,8.32,2.35,1.25,
377,whore,1683,concrete,3.389462675,noun,5,12.22,4.15,1.06,retro,1683,abstract,3.6576312,noun,5,11.9,2.21,1.22,x
378,bum,1686,concrete,4.160374285,noun,3,8.11,4.21,0.92,fraud,1686,abstract,4.251192943,noun,5,10.11,1.68,0.86,x
379,filet,1690,concrete,2.34894824,noun,5,9.89,4.59,0.63,hater,1690,abstract,2.521810529,noun,5,10.71,2.21,1.15,
380,frame,1691,concrete,4.75541272,noun,5,7.67,4.3,1.23,lack,1691,abstract,4.616797617,noun,4,8.28,2.04,1.32,
381,silicon,1693,concrete,3.317949749,noun,7,12.67,4.68,0.67,satire,1693,abstract,3.395573452,noun,6,13.07,1.96,1,
382,campus,1694,concrete,3.58053109,noun,6,10.84,4.64,0.68,mayhem,1694,abstract,3.54515514,noun,6,10.37,2.24,1.33,
383,whaler,1701,concrete,2.017955021,noun,6,11.5,4.34,1.11,seducer,1701,abstract,2.075946968,noun,7,12.72,2.36,1.25,
384,leek,1708,concrete,3.562023065,noun,4,11,4.92,0.28,pun,1708,abstract,3.406698845,noun,3,11.21,2.3,1.27,
385,heroin,1723,concrete,3.773829877,noun,6,10.88,4.57,0.94,vice,1723,abstract,3.966647366,noun,4,12.5,2.46,1.55,x
386,vein,1726,concrete,3.579397161,noun,4,8.53,4.63,0.93,recap,1726,abstract,3.68250746,noun,5,9.83,2.48,1.38,
387,fiddle,1728,concrete,3.656206504,noun,6,8.28,4.81,0.69,origin,1728,abstract,3.81827925,noun,6,10.25,2.03,1.25,
388,alloy,1730,concrete,3.133486289,noun,5,14.53,4.29,0.98,apathy,1730,abstract,2.868921995,noun,6,14.21,2.04,1.25,
389,orchid,1733,concrete,3.314829057,noun,6,9.76,4.92,0.28,probate,1733,abstract,3.03219546,noun,7,11.72,2.42,1.32,
390,zinc,1736,concrete,3.225935424,noun,4,12.47,4.4,1.28,taboo,1736,abstract,3.13506842,noun,5,12.26,1.67,1.07,
391,juror,1741,concrete,2.515279662,noun,5,10.16,4.29,1.3,airhead,1741,abstract,2.275519323,noun,7,10.17,2.48,1.4,
392,foliage,1742,concrete,3.652863924,noun,7,10.63,4.67,0.96,subsidy,1742,abstract,3.590051789,noun,7,12.44,2.16,1.46,
393,spore,1744,concrete,2.420011596,noun,5,10.76,4.14,1.16,mono,1744,abstract,2.630234177,noun,4,11.22,2.04,1.12,x
394,nozzle,1752,concrete,2.874712673,noun,6,9.32,4.91,0.3,deceit,1752,abstract,3.013799061,noun,6,10.95,2.37,1.13,
395,quad,1753,concrete,3.351833928,noun,4,12.58,4.07,1.33,genre,1753,abstract,3.521161844,noun,5,12.75,2.37,1.19,
396,month,1758,concrete,5.079909865,noun,5,5.79,4.2,0.96,value,1758,abstract,5.004641466,noun,5,6.78,1.62,0.88,
397,denture,1765,concrete,2.110709074,noun,7,10.16,4.7,0.72,reissue,1765,abstract,1.926184648,noun,7,12.16,2.15,1.17,x
398,alfalfa,1768,concrete,1.926184648,noun,7,8.83,4.69,0.74,doozy,1768,abstract,1.809679079,noun,5,9.27,2.36,1.22,x
399,swab,1774,concrete,3.074133627,noun,4,8.94,4.34,0.94,woe,1774,abstract,3.174302222,noun,3,10.75,1.96,1.37,
400,company,1784,concrete,5.227137996,noun,7,6.84,4.11,1.15,service,1784,abstract,5.195079085,noun,7,8,2.21,1.26,
401,veteran,1789,concrete,3.823164504,noun,7,9.9,4.58,0.81,debut,1789,abstract,4.095236388,noun,5,10.58,1.83,1.27,
402,puree,1791,concrete,3.978131231,noun,5,10.94,4.16,1.11,premium,1791,abstract,3.935535545,noun,7,9.95,2.11,1.1,
403,conch,1793,concrete,2.806325436,noun,5,10.5,4.52,1.19,motley,1793,abstract,2.778521097,noun,6,12.19,2.21,1.32,x
404,tonsil,1799,concrete,2.252038227,noun,6,9.5,4.72,0.53,renown,1799,abstract,2.420011596,noun,6,11,1.68,0.85,
405,orb,1805,concrete,2.796106271,noun,3,11.17,4.12,0.99,deity,1805,abstract,2.835614813,noun,5,13,2.33,1.57,
406,aorta,1806,concrete,2.897132851,noun,5,13.06,4.61,0.63,whence,1806,abstract,2.844954839,noun,6,14.12,1.88,1.24,x
407,shallot,1809,concrete,3.233554821,noun,7,14.79,4.59,1.01,indie,1809,abstract,3.208953326,noun,5,14.88,2.36,1.25,x
408,salon,1814,concrete,3.792993036,noun,5,9.5,4.73,0.74,dignity,1814,abstract,3.905786576,noun,7,9.58,2.03,1.3,
409,talon,1834,concrete,2.41173907,noun,5,10.53,4.8,0.48,wedlock,1834,abstract,2.66886358,noun,7,10.89,2.29,1.3,
410,rapist,1848,concrete,3.077752769,noun,6,12.05,4.32,1.22,mania,1848,abstract,3.182874102,noun,5,12.95,2.42,1.41,x
411,morgue,1850,concrete,3.115691475,noun,6,10.53,4.62,0.92,lust,1850,abstract,3.375163623,noun,4,12.22,2.15,1.29,
412,cyst,1859,concrete,2.771282688,noun,4,11.81,4.23,1.19,heresy,1859,abstract,2.806325436,noun,6,12.86,2.04,1.37,
413,vessel,1861,concrete,3.934032794,noun,6,9.94,4.66,0.67,rivalry,1861,abstract,3.697901788,noun,7,10.86,2.14,1.13,
414,suede,1865,concrete,3.070484072,noun,5,10.5,4.24,1.33,debacle,1865,abstract,2.953414301,noun,7,12.42,2.29,1.12,
415,dip,1868,concrete,4.222462594,noun,3,7,4.22,0.97,pride,1868,abstract,4.479139007,noun,5,8.95,1.66,1.01,
416,darts,1869,concrete,4.155580369,noun,5,7.03,4.83,0.48,variety,1869,abstract,4.443535817,noun,7,7.89,2.13,1.43,
417,froth,1871,concrete,3.009602947,noun,5,12.56,4.14,1.15,motif,1871,abstract,3.144442046,noun,5,13.55,2.45,1.21,
418,trachea,1876,concrete,2.686961802,noun,7,12.05,4.48,0.83,lament,1876,abstract,2.822840525,noun,6,11.81,1.75,1.07,
419,asshole,1877,concrete,3.341157996,noun,7,9.52,4.08,1.23,wannabe,1877,abstract,3.335222215,noun,7,11.29,1.85,1.08,x
420,office,1886,concrete,5.133502139,noun,6,6.68,4.93,0.27,control,1886,abstract,5.139577387,noun,7,7.26,1.93,1.13,
421,sex,1890,concrete,4.795174642,noun,3,9.79,4.1,0.94,doubt,1890,abstract,4.892022475,noun,5,8.79,1.79,1.18,x
422,clove,1896,concrete,3.074133627,noun,5,10.88,4.42,0.86,ruse,1896,abstract,2.778521097,noun,4,12.17,1.57,0.77,
423,grout,1897,concrete,2.609549579,noun,5,12.36,4.68,0.55,variant,1897,abstract,2.744953749,noun,7,11.68,2.1,1.24,
424,bass,1904,concrete,4.176317513,noun,4,8.63,4.31,1.04,fate,1904,abstract,4.224395371,noun,4,10.3,1.53,0.97,
425,garb,1910,concrete,2.443923753,noun,4,12.05,4.19,1.11,nuance,1910,abstract,2.515279662,noun,6,11.05,1.85,1.03,
426,pipe,1915,concrete,4.25790959,noun,4,8.17,4.88,0.33,desire,1915,abstract,4.244616289,noun,6,9.95,1.7,1.26,
427,huddle,1916,concrete,3.03219546,noun,6,9.4,4.21,0.83,jest,1916,abstract,2.744953749,noun,4,11.21,2.15,1.22,
428,cubicle,1920,concrete,3.228490105,noun,7,13.11,4.83,0.76,amnesty,1920,abstract,3.466587738,noun,7,12.95,2.18,1.12,
429,trench,1930,concrete,3.600451271,noun,6,10.21,4.46,1.06,novelty,1930,abstract,3.874424966,noun,7,11.71,2.21,1.32,
430,spire,1939,concrete,3.191280064,noun,5,11.69,4,1.48,tyranny,1939,abstract,3.165557742,noun,7,12.12,1.68,0.98,
431,decoy,1942,concrete,2.976769093,noun,5,9.44,4.34,1.14,dissent,1942,abstract,3.21687381,noun,7,11.44,2.17,1.13,
432,chord,1948,concrete,3.598282506,noun,5,9.71,4.29,0.9,midst,1948,abstract,3.58838676,noun,5,10.89,2.33,1.24,x
433,meth,1954,concrete,2.559058586,noun,4,17.06,4.63,0.97,curate,1954,abstract,2.630234177,noun,6,15.67,2.42,1.36,x
434,insole,1957,concrete,1.871826985,noun,6,12.21,4.11,1.19,qualm,1957,abstract,1.809679079,noun,5,12.67,2,1.19,
435,capsule,1969,concrete,3.379682857,noun,7,10.44,4.52,0.95,vantage,1969,abstract,3.284567452,noun,7,12.1,1.93,1.05,
436,veneer,1972,concrete,3.232294169,noun,6,11.59,4.04,1.14,exile,1972,abstract,3.505295441,noun,5,11,2.15,1.35,
437,gang,1975,concrete,4.38690566,noun,4,9.22,4.43,0.63,method,1975,abstract,4.12387052,noun,6,11.15,2.41,1.43,
438,gland,1982,concrete,3.17860931,noun,5,10.61,4.14,1.18,brunt,1982,abstract,3.453890348,noun,5,12.52,2.21,1.2,x
439,anthrax,1989,concrete,2.473886977,noun,7,14.26,4.44,1.15,conceit,1989,abstract,2.553068223,noun,7,12.3,2.1,1.16,
440,cock,2007,concrete,3.977904504,noun,4,11.32,4.79,0.57,nil,2007,abstract,3.77780266,noun,3,12.29,2.43,1.37,x
441,nectar,2010,concrete,3.547605327,noun,6,8.95,4.63,0.67,morale,2010,abstract,3.724713431,noun,6,10.62,1.85,1.1,
442,birch,2025,concrete,3.426518002,noun,5,10.84,4.12,1.42,verge,2025,abstract,3.645125733,noun,5,11.41,2.32,1.31,
443,alcohol,2043,concrete,4.519144741,noun,7,9,4.76,0.51,scandal,2043,abstract,4.221428251,noun,7,10.83,2.13,1.36,
444,cumin,2045,concrete,3.483196201,noun,5,12.85,4.93,0.27,finesse,2045,abstract,3.212931624,noun,7,12.39,1.86,1.08,
445,vermin,2051,concrete,3.191280064,noun,6,10.84,4.48,0.85,vanity,2051,abstract,3.461404281,noun,6,11.39,2.15,1.38,
446,laptop,2059,concrete,3.886347524,noun,6,12.44,4.96,0.19,breach,2059,abstract,3.87843563,noun,6,11.72,2.48,1.36,
447,canvas,2061,concrete,3.947130576,noun,6,8.15,4.78,0.7,tactics,2061,abstract,4.149817997,noun,7,9.4,2.48,1.21,x
448,torch,2071,concrete,4.213327457,noun,5,7.84,4.76,0.64,outcome,2071,abstract,4.279953838,noun,7,9.53,2.27,1.4,
449,juicer,2074,concrete,2.403305902,noun,6,11.26,4.48,0.99,lore,2074,abstract,2.376976964,noun,4,12.56,2.35,1.23,
450,boxer,2077,concrete,3.829593851,noun,5,7.95,4.63,0.69,leisure,2077,abstract,3.906054246,noun,7,9.84,2.03,1.32,
451,loft,2084,concrete,4.073406166,noun,4,11.05,4.32,1.02,tactic,2084,abstract,3.821216992,noun,6,11,2.1,1.37,
452,sledge,2093,concrete,3.301040772,noun,6,10.06,4.11,1.42,mindset,2093,abstract,3.432132228,noun,7,11.78,1.55,0.87,
453,gong,2108,concrete,3.432132228,noun,4,9.62,4.7,0.84,wit,2108,abstract,3.674828627,noun,3,11.05,1.93,1.12,
454,scabies,2117,concrete,2.403305902,noun,7,12,4.24,1.18,lowdown,2117,abstract,2.614813819,noun,7,12.28,2.38,1.2,
455,opium,2125,concrete,3.320017822,noun,5,12.41,4.56,1.09,epitome,2125,abstract,3.090187407,noun,7,13.88,1.8,1.22,x
456,polo,2132,concrete,3.536468961,noun,4,9.95,4.43,0.84,spite,2132,abstract,3.732364622,noun,5,11.7,2.07,1.21,
457,slope,2143,concrete,3.87786494,noun,5,8.67,4.07,1.21,outlook,2143,abstract,3.814000452,noun,7,10.65,1.97,1.38,
458,beret,2150,concrete,2.983537456,noun,5,10.33,4.8,0.65,evasion,2150,abstract,3.276660702,noun,7,12,2.46,1.17,
459,citadel,2166,concrete,2.838750526,noun,7,13.13,4.61,0.66,killjoy,2166,abstract,2.540833766,noun,7,12.94,2.42,1.39,
460,labia,2170,concrete,2.297795718,noun,5,14,4.82,0.48,cahoots,2170,abstract,2.508649083,noun,7,12.19,1.96,1.14,x
461,website,2178,concrete,4.772594536,noun,7,12.66,4.52,0.74,deficit,2178,abstract,4.627295293,noun,7,12.89,2.21,1.29,
462,silver,2179,concrete,5.013381269,noun,6,6.21,4.52,0.99,power,2179,abstract,5.289376175,noun,5,7.48,2.04,1.34,
463,sealer,2185,concrete,1.598825713,noun,6,10.12,4.17,0.95,misdeed,2185,abstract,1.394705731,noun,7,10.56,2.3,1.14,
464,webcam,2188,concrete,3.175742669,noun,6,15.57,4.89,0.31,ethos,2188,abstract,3.467323207,noun,5,15.71,1.58,0.72,
465,pallet,2200,concrete,2.915843814,noun,6,12,4.59,1.09,pretext,2200,abstract,2.635254979,noun,7,13.06,2.26,1.29,
466,enema,2201,concrete,2.481065561,noun,5,13.56,4.44,0.8,duality,2201,abstract,2.297795718,noun,7,12.87,1.93,1.12,
467,port,2207,concrete,4.491059491,noun,4,9.32,4.41,1.18,appeal,2207,abstract,4.591324002,noun,6,10.21,1.73,1.26,
468,kiln,2214,concrete,3.249618753,noun,4,10.69,4.82,0.61,ploy,2214,abstract,3.088432679,noun,4,12.5,2.21,1.15,
469,velcro,2216,concrete,2.96524867,noun,6,11.48,4.92,0.27,disdain,2216,abstract,2.729159482,noun,7,13.44,1.83,0.89,
470,sage,2220,concrete,3.677101235,noun,4,11.39,4.54,0.84,quaint,2220,abstract,3.413406229,noun,6,12.58,1.81,0.92,
471,lanyard,2225,concrete,1.774916972,noun,7,12.14,4.46,0.88,subset,2225,abstract,1.996765722,noun,6,11.67,2.41,1.45,
472,pimp,2276,concrete,3.091935073,noun,4,12.78,4.18,1.02,libel,2276,abstract,3.296708622,noun,5,14.12,2.21,1.37,x
473,nomad,2278,concrete,2.540833766,noun,5,11.12,4.1,1.16,repute,2278,abstract,2.564967446,noun,6,12.38,1.76,1.05,
474,ivory,2287,concrete,4.058406656,noun,5,9.39,4.76,0.64,tragedy,2287,abstract,4.258860687,noun,7,10.21,2.07,1.36,
475,lentil,2290,concrete,2.848024071,noun,6,13.06,4.48,1.12,sexism,2290,abstract,2.969893575,noun,6,13.63,1.61,0.92,
476,silt,2311,concrete,3.017955021,noun,4,11.75,4.71,0.53,fetish,2311,abstract,2.841863762,noun,6,13.44,2.48,1.15,
477,film,2317,concrete,5.263902236,noun,4,6.95,4.71,0.6,issue,2317,abstract,5.182392858,noun,5,8.6,2.37,1.52,
478,triceps,2354,concrete,2.093675735,noun,7,11.33,4.46,0.84,rebuff,2354,abstract,1.951008231,noun,6,13,2.15,1.17,
479,dildo,2361,concrete,2.664218675,noun,5,15.41,4.7,1.02,upsurge,2361,abstract,2.763921588,noun,7,13.87,2.17,1.4,x
480,ebony,2369,concrete,3.297795718,noun,5,11.18,4,1.33,prowess,2369,abstract,3.243510432,noun,7,13,2.03,1.24,x
481,novel,2374,concrete,4.429173753,noun,5,9.5,4.21,1.15,era,2374,abstract,4.399542791,noun,3,11.14,2.24,1.43,
482,mauve,2380,concrete,2.708572951,noun,5,11.26,4,1.41,rebuke,2380,abstract,2.508649083,noun,6,13,2.07,1.26,
483,flank,2393,concrete,3.16995199,noun,5,12.15,4,1.1,rapport,2393,abstract,3.038158407,noun,7,13.18,1.84,1.07,
484,geisha,2400,concrete,2.883256447,noun,6,14.24,4.42,0.93,latent,2400,abstract,2.587830329,noun,6,15.17,1.81,1,x
485,anvil,2405,concrete,2.967577333,noun,5,10.79,4.96,0.2,solace,2405,abstract,3.083125553,noun,6,12.73,2.04,1.26,
486,harem,2422,concrete,2.819587367,noun,5,11,4.38,1.02,bravado,2422,abstract,2.923622431,noun,7,12.88,1.93,1.12,x
487,suite,2428,concrete,4.39374923,noun,5,9.37,4.16,1.11,whilst,2428,abstract,4.629071136,noun,6,11.31,1.85,1.35,x
488,dingo,2437,concrete,2.488127416,noun,5,11.29,4.73,0.78,schmuck,2437,abstract,2.515279662,noun,7,12.64,2.4,1.1,x
489,tundra,2445,concrete,2.809679079,noun,6,12.06,4.21,1.11,fallacy,2445,abstract,2.630234177,noun,7,13.83,1.8,1.15,
490,sunlamp,2462,concrete,1.297795718,noun,7,12.06,4.86,0.44,scathe,2462,abstract,1.172856981,noun,6,13.57,2,1.12,x
491,email,2478,concrete,3.762434277,noun,5,11.52,4.69,0.55,turmoil,2478,abstract,3.677101235,noun,7,12.84,2.11,1.01,
492,hummus,2483,concrete,2.921045008,noun,6,14.84,4.62,0.94,tenure,2483,abstract,3.007489587,noun,6,15.79,2.42,1.21,
493,tempura,2490,concrete,3.059347706,noun,7,14.5,4.12,1.3,paradox,2490,abstract,3.24227839,noun,7,13.78,1.54,1.07,
494,cinema,2505,concrete,4.311685778,noun,6,8.85,4.69,0.66,passion,2505,abstract,4.557568724,noun,7,10.79,2.3,1.32,
495,adobe,2510,concrete,2.275519323,noun,5,12.22,4.19,1.17,idiom,2510,abstract,2.481065561,noun,5,14.06,2.42,1.55,
496,trowel,2512,concrete,3.150580586,noun,6,12.18,4.16,1.4,alchemy,2512,abstract,2.91321967,noun,7,13.35,2.1,1.32,
497,forum,2513,concrete,3.717338442,noun,5,12.52,4,1.21,quantum,2513,abstract,3.505968244,noun,7,14.26,1.9,1.26,
498,annex,2521,concrete,2.915843814,noun,5,12.53,4,1.24,scourge,2521,abstract,2.990201952,noun,7,14.06,2.31,1.28,
499,flan,2529,concrete,2.915843814,noun,4,12.65,4.05,1.29,hiatus,2529,abstract,2.664218675,noun,6,14.59,2.07,1.13,
500,fencer,2534,concrete,2.227214643,noun,6,11.84,4.44,0.97,rehash,2534,abstract,1.974489327,noun,6,12.24,2.17,1.13,
501,latte,2548,concrete,3.117339653,noun,5,13.47,4.64,0.87,anarchy,2548,abstract,3.155128214,noun,7,13.94,2.12,1.31,
502,fiber,2568,concrete,1.649978236,noun,5,10.82,4.5,1.04,jilt,2568,abstract,1.598825713,noun,4,12.28,2,1.15,
503,condor,2572,concrete,2.897132851,noun,6,13.57,4.46,1.17,decorum,2572,abstract,2.767617734,noun,7,15.12,2.36,1.5,
504,home,2582,concrete,5.861193733,noun,4,3.87,4.11,1.25,way,2582,abstract,6.118428957,noun,3,5.39,2.34,1.37,
505,bosom,2598,concrete,3.095409448,noun,5,12.5,4.63,0.69,macabre,2598,abstract,2.981293035,noun,7,14.5,2.25,1.39,x
506,bank,2625,concrete,5.280146112,noun,4,6.44,4.78,0.61,moment,2625,abstract,5.574383885,noun,6,7.95,1.61,1.1,
507,thong,2631,concrete,2.960553549,noun,5,12.41,4.93,0.27,empathy,2631,abstract,3.195422809,noun,7,14.32,1.63,1.01,x
