noun,set_nr,concreteness,Zipf,Length,Syllables,Phonemes,AoA,CNC_M,Valence,RT,CNC_SD,IMAG,denotation,adjective,phrase,frequency_dep,frequency_seq
sulphur,1,concrete,3.351833928,7,2,5,6,4.23,4.7647,668.25,1.25,4.727,subsective,old,old sulphur,5.79109895703853e-10,1.709172102098542e-09
sulphur,1,concrete,3.351833928,7,2,5,6,4.23,4.7647,668.25,1.25,4.727,privative,imaginary,imaginary sulphur,0.0,0.0
sulphur,1,concrete,3.351833928,7,2,5,6,4.23,4.7647,668.25,1.25,4.727,baseline,tqvgqrz,tqvgqrz sulphur,0.0,0.0
longing,1,abstract,3.408385428,7,2,5,8,2.14,4.303,679.6666667,1.13,3.235,subsective,special,special longing,6.415079835060941e-10,5.920740480161242e-10
longing,1,abstract,3.408385428,7,2,5,8,2.14,4.303,679.6666667,1.13,3.235,privative,past,past longing,2.1640818512977077e-10,1.6578563387585767e-10
longing,1,abstract,3.408385428,7,2,5,8,2.14,4.303,679.6666667,1.13,3.235,baseline,vpbyzkgrf,vpbyzkgrf longing,0.0,0.0
poison,2,concrete,3.916627975,6,2,5,4,4.27,1.9706,520.65,1.01,5.324,subsective,special,special poison,1.7295297500203985e-09,2.254839956806784e-09
poison,2,concrete,3.916627975,6,2,5,4,4.27,1.9706,520.65,1.01,5.324,privative,past,past poison,1.2919336071801926e-10,1.317522618896766e-10
poison,2,concrete,3.916627975,6,2,5,4,4.27,1.9706,520.65,1.01,5.324,baseline,wvcnz,wvcnz poison,0.0,0.0
terror,2,abstract,4.061784936,6,2,4,4,2.43,1.6765,531.7222222,1.48,4.353,subsective,true,true terror,3.1095584398012254e-09,2.9509015982714216e-09
terror,2,abstract,4.061784936,6,2,4,4,2.43,1.6765,531.7222222,1.48,4.353,privative,phony,phony terror,0.0,2.1255798053250647e-11
terror,2,abstract,4.061784936,6,2,4,4,2.43,1.6765,531.7222222,1.48,4.353,baseline,tqvgqrz,tqvgqrz terror,0.0,0.0
sauce,3,concrete,4.787859595,5,1,3,2,4.75,5.7188,541.3846154,0.59,6.2,subsective,average,average sauce,6.868386490849284e-11,0.0
sauce,3,concrete,4.787859595,5,1,3,2,4.75,5.7188,541.3846154,0.59,6.2,privative,fabricated,fabricated sauce,0.0,0.0
sauce,3,concrete,4.787859595,5,1,3,2,4.75,5.7188,541.3846154,0.59,6.2,baseline,vpbyzkgrf,vpbyzkgrf sauce,0.0,0.0
duty,3,abstract,4.614918455,4,2,4,4,2.19,5.0313,574.0277778,1.36,3.061,subsective,important,important duty,1.600352248384947e-07,1.451797554229278e-07
duty,3,abstract,4.614918455,4,2,4,4,2.19,5.0313,574.0277778,1.36,3.061,privative,former,former duty,9.277530842084185e-09,8.465919366190594e-09
duty,3,abstract,4.614918455,4,2,4,4,2.19,5.0313,574.0277778,1.36,3.061,baseline,rjdnw,rjdnw duty,0.0,0.0
band,4,concrete,4.935510541,4,1,4,2,4.68,6.0313,523.2,0.77,6.032,subsective,current,current band,5.240449908699256e-09,4.034026672807388e-09
band,4,concrete,4.935510541,4,1,4,2,4.68,6.0313,523.2,0.77,6.032,privative,false,false band,4.966637636672111e-10,1.425983695228289e-10
band,4,concrete,4.935510541,4,1,4,2,4.68,6.0313,523.2,0.77,6.032,baseline,qxsw,qxsw band,0.0,0.0
spirit,4,abstract,4.658199772,6,2,6,4,1.6,6.875,537.6410256,1.04,3.29,subsective,special,special spirit,1.043741021481916e-08,8.579655081954263e-09
spirit,4,abstract,4.658199772,6,2,6,4,1.6,6.875,537.6410256,1.04,3.29,privative,past,past spirit,6.087381725711418e-10,4.0896348655690427e-10
spirit,4,abstract,4.658199772,6,2,6,4,1.6,6.875,537.6410256,1.04,3.29,baseline,ptrgsbkv,ptrgsbkv spirit,0.0,0.0
brush,5,concrete,4.286688961,5,1,4,2,4.54,5.5,532.7368421,0.74,6.207,subsective,new,new brush,1.727874493356305e-08,1.5112384544288777e-08
brush,5,concrete,4.286688961,5,1,4,2,4.54,5.5,532.7368421,0.74,6.207,privative,hypothetical,hypothetical brush,0.0,0.0
brush,5,concrete,4.286688961,5,1,4,2,4.54,5.5,532.7368421,0.74,6.207,baseline,vpbyzkgrf,vpbyzkgrf brush,0.0,0.0
pride,5,abstract,4.479139007,5,1,4,4,1.66,5.9429,542.972973,1.01,3.412,subsective,actual,actual pride,6.199331701220492e-10,5.750861850383711e-10
pride,5,abstract,4.479139007,5,1,4,4,1.66,5.9429,542.972973,1.01,3.412,privative,artificial,artificial pride,4.384951129273775e-10,3.8027774547003617e-10
pride,5,abstract,4.479139007,5,1,4,4,1.66,5.9429,542.972973,1.01,3.412,baseline,rvqf,rvqf pride,0.0,0.0
mint,6,concrete,4.153920162,4,1,4,2,4.54,6.1333,558.4736842,1.0,6.097,subsective,unique,unique mint,6.517853588551346e-11,9.087671109632823e-11
mint,6,concrete,4.153920162,4,1,4,2,4.54,6.1333,558.4736842,1.0,6.097,privative,virtual,virtual mint,0.0,2.190260425634285e-11
mint,6,concrete,4.153920162,4,1,4,2,4.54,6.1333,558.4736842,1.0,6.097,baseline,fxldmr,fxldmr mint,0.0,0.0
manner,6,abstract,4.173291058,6,2,4,4,1.62,5.8,543.4736842,0.8,2.765,subsective,unique,unique manner,5.6079709605885446e-08,4.5021746080945734e-08
manner,6,abstract,4.173291058,6,2,4,4,1.62,5.8,543.4736842,0.8,2.765,privative,virtual,virtual manner,6.66516588775787e-10,5.400505802297644e-10
manner,6,abstract,4.173291058,6,2,4,4,1.62,5.8,543.4736842,0.8,2.765,baseline,htbqzylm,htbqzylm manner,0.0,0.0
reptile,7,concrete,3.358493558,7,2,6,6,4.47,4.5294,635.9210526,1.11,6.457,subsective,unique,unique reptile,2.600075049747852e-10,1.9558992492257527e-10
reptile,7,concrete,3.358493558,7,2,6,6,4.47,4.5294,635.9210526,1.11,6.457,privative,virtual,virtual reptile,0.0,0.0
reptile,7,concrete,3.358493558,7,2,6,6,4.47,4.5294,635.9210526,1.11,6.457,baseline,kmlsdjtw,kmlsdjtw reptile,0.0,0.0
mischief,7,abstract,3.483196201,8,2,6,6,1.9,4.3333,615.9473684,1.03,4.118,subsective,important,important mischief,1.78815120405044e-10,2.0137773838204407e-10
mischief,7,abstract,3.483196201,8,2,6,6,1.9,4.3333,615.9473684,1.03,4.118,privative,former,former mischief,1.8553358932929476e-10,1.6562025598763762e-10
mischief,7,abstract,3.483196201,8,2,6,6,1.9,4.3333,615.9473684,1.03,4.118,baseline,xkq,xkq mischief,0.0,0.0
crown,8,concrete,4.529965629,5,1,4,2,4.81,6.0625,528.6486486,0.48,6.586,subsective,average,average crown,1.1247769807194607e-09,7.670407932819452e-09
crown,8,concrete,4.529965629,5,1,4,2,4.81,6.0625,528.6486486,0.48,6.586,privative,fabricated,fabricated crown,0.0,0.0
crown,8,concrete,4.529965629,5,1,4,2,4.81,6.0625,528.6486486,0.48,6.586,baseline,rjdnw,rjdnw crown,0.0,0.0
faith,8,abstract,4.666361503,5,1,3,2,1.63,6.6875,562.2631579,1.08,3.486,subsective,true,true faith,3.287388846314377e-07,3.0562769405783797e-07
faith,8,abstract,4.666361503,5,1,3,2,1.63,6.6875,562.2631579,1.08,3.486,privative,phony,phony faith,1.1397605681360982e-10,2.0684713534339638e-10
faith,8,abstract,4.666361503,5,1,3,2,1.63,6.6875,562.2631579,1.08,3.486,baseline,htbqzylm,htbqzylm faith,0.0,0.0
barrier,9,concrete,4.038158407,7,3,5,6,4.41,3.3636,561.5,0.93,5.706,subsective,genuine,genuine barrier,7.364042688235377e-10,6.047094224139794e-10
barrier,9,concrete,4.038158407,7,3,5,6,4.41,3.3636,561.5,0.93,5.706,privative,fictional,fictional barrier,3.533009801833408e-11,3.172798754499209e-11
barrier,9,concrete,4.038158407,7,3,5,6,4.41,3.3636,561.5,0.93,5.706,baseline,rvqf,rvqf barrier,0.0,0.0
scandal,9,abstract,4.221428251,7,2,7,6,2.13,2.5429,602.475,1.36,3.657,subsective,good,good scandal,1.723844371958877e-09,1.166671998055039e-09
scandal,9,abstract,4.221428251,7,2,7,6,2.13,2.5429,602.475,1.36,3.657,privative,fictitious,fictitious scandal,7.889330790977226e-11,6.932290952053339e-11
scandal,9,abstract,4.221428251,7,2,7,6,2.13,2.5429,602.475,1.36,3.657,baseline,ptrgsbkv,ptrgsbkv scandal,0.0,0.0
trailer,10,concrete,3.681611084,7,2,5,4,4.79,5.0313,550.2894737,0.56,5.8,subsective,actual,actual trailer,2.0860527323910304e-10,0.0
trailer,10,concrete,3.681611084,7,2,5,4,4.79,5.0313,550.2894737,0.56,5.8,privative,artificial,artificial trailer,0.0,0.0
trailer,10,concrete,3.681611084,7,2,5,4,4.79,5.0313,550.2894737,0.56,5.8,baseline,ptrgsbkv,ptrgsbkv trailer,0.0,0.0
caution,10,abstract,3.808675702,7,2,5,4,2.04,4.1818,527.3947368,1.1,3.441,subsective,genuine,genuine caution,0.0,0.0
caution,10,abstract,3.808675702,7,2,5,4,2.04,4.1818,527.3947368,1.1,3.441,privative,fictional,fictional caution,0.0,0.0
caution,10,abstract,3.808675702,7,2,5,4,2.04,4.1818,527.3947368,1.1,3.441,baseline,mghljkqr,mghljkqr caution,0.0,0.0
beggar,11,concrete,3.152101759,6,2,4,4,4.59,2.6207,647.8157895,0.63,6.258,subsective,typical,typical beggar,0.0,0.0
beggar,11,concrete,3.152101759,6,2,4,4,4.59,2.6207,647.8157895,0.63,6.258,privative,spurious,spurious beggar,0.0,0.0
beggar,11,concrete,3.152101759,6,2,4,4,4.59,2.6207,647.8157895,0.63,6.258,baseline,tqvgqrz,tqvgqrz beggar,0.0,0.0
blunder,11,abstract,3.020018181,7,2,6,6,2.35,3.4118,598.2631579,1.26,3.059,subsective,bad,bad blunder,0.0,0.0
blunder,11,abstract,3.020018181,7,2,6,6,2.35,3.4118,598.2631579,1.26,3.059,privative,fake,fake blunder,0.0,0.0
blunder,11,abstract,3.020018181,7,2,6,6,2.35,3.4118,598.2631579,1.26,3.059,baseline,rjdnw,rjdnw blunder,0.0,0.0
brake,12,concrete,3.839374961,5,1,4,2,4.44,4.8529,569.5294118,0.87,5.657,subsective,authentic,authentic brake,0.0,0.0
brake,12,concrete,3.839374961,5,1,4,2,4.44,4.8529,569.5294118,0.87,5.657,privative,counterfeit,counterfeit brake,0.0,0.0
brake,12,concrete,3.839374961,5,1,4,2,4.44,4.8529,569.5294118,0.87,5.657,baseline,htbqzylm,htbqzylm brake,0.0,0.0
hint,12,abstract,3.948588757,4,1,4,4,2.33,5.7941,567.6666667,1.27,3.0,subsective,unique,unique hint,0.0,0.0
hint,12,abstract,3.948588757,4,1,4,4,2.33,5.7941,567.6666667,1.27,3.0,privative,virtual,virtual hint,0.0,0.0
hint,12,abstract,3.948588757,4,1,4,4,2.33,5.7941,567.6666667,1.27,3.0,baseline,rvqf,rvqf hint,0.0,0.0
baggage,13,concrete,3.48602089,7,2,5,2,4.43,3.8065,560.9,1.1,6.0,subsective,typical,typical baggage,0.0,0.0
baggage,13,concrete,3.48602089,7,2,5,2,4.43,3.8065,560.9,1.1,6.0,privative,spurious,spurious baggage,0.0,0.0
baggage,13,concrete,3.48602089,7,2,5,2,4.43,3.8065,560.9,1.1,6.0,baseline,wvcnz,wvcnz baggage,0.0,0.0
gloom,13,abstract,3.603684248,5,1,4,4,1.86,2.8182,546.1578947,1.09,3.788,subsective,average,average gloom,0.0,0.0
gloom,13,abstract,3.603684248,5,1,4,4,1.86,2.8182,546.1578947,1.09,3.788,privative,fabricated,fabricated gloom,0.0,0.0
gloom,13,abstract,3.603684248,5,1,4,4,1.86,2.8182,546.1578947,1.09,3.788,baseline,mtpv,mtpv gloom,0.0,0.0
daughter,14,concrete,4.971346491,8,2,4,2,4.79,6.4118,535.55,0.5,5.879,subsective,important,important daughter,0.0,0.0
daughter,14,concrete,4.971346491,8,2,4,2,4.79,6.4118,535.55,0.5,5.879,privative,former,former daughter,0.0,0.0
daughter,14,concrete,4.971346491,8,2,4,2,4.79,6.4118,535.55,0.5,5.879,baseline,zbxlv,zbxlv daughter,0.0,0.0
reason,14,abstract,5.18989032,6,2,5,4,1.93,6.303,537.2,1.36,3.029,subsective,important,important reason,0.0,0.0
reason,14,abstract,5.18989032,6,2,5,4,1.93,6.303,537.2,1.36,3.029,privative,former,former reason,0.0,0.0
reason,14,abstract,5.18989032,6,2,5,4,1.93,6.303,537.2,1.36,3.029,baseline,wvcnz,wvcnz reason,0.0,0.0
chess,15,concrete,3.905518741,5,1,3,4,4.7,5.3529,549.0540541,0.67,6.353,subsective,genuine,genuine chess,0.0,0.0
chess,15,concrete,3.905518741,5,1,3,4,4.7,5.3529,549.0540541,0.67,6.353,privative,fictional,fictional chess,0.0,0.0
chess,15,concrete,3.905518741,5,1,3,4,4.7,5.3529,549.0540541,0.67,6.353,baseline,bxfjwts,bxfjwts chess,0.0,0.0
mercy,15,abstract,4.02370735,5,2,4,6,1.57,6.2286,569.5789474,0.73,3.229,subsective,bad,bad mercy,0.0,0.0
mercy,15,abstract,4.02370735,5,2,4,6,1.57,6.2286,569.5789474,0.73,3.229,privative,fake,fake mercy,0.0,0.0
mercy,15,abstract,4.02370735,5,2,4,6,1.57,6.2286,569.5789474,0.73,3.229,baseline,mghljkqr,mghljkqr mercy,0.0,0.0
cooker,16,concrete,3.787050886,6,2,4,10,4.22,5.25,646.6666667,0.97,6.514,subsective,good,good cooker,0.0,0.0
cooker,16,concrete,3.787050886,6,2,4,10,4.22,5.25,646.6666667,0.97,6.514,privative,fictitious,fictitious cooker,0.0,0.0
cooker,16,concrete,3.787050886,6,2,4,10,4.22,5.25,646.6666667,0.97,6.514,baseline,qxsw,qxsw cooker,0.0,0.0
mode,16,abstract,3.838750526,4,1,3,12,2.46,5.0,621.8611111,1.45,2.636,subsective,perfect,perfect mode,0.0,0.0
mode,16,abstract,3.838750526,4,1,3,12,2.46,5.0,621.8611111,1.45,2.636,privative,mock,mock mode,0.0,0.0
mode,16,abstract,3.838750526,4,1,3,12,2.46,5.0,621.8611111,1.45,2.636,baseline,kmlsdjtw,kmlsdjtw mode,0.0,0.0
fireworks,17,concrete,3.900398238,9,2,7,4,4.86,7.3125,565.6578947,0.36,6.839,subsective,important,important fireworks,0.0,0.0
fireworks,17,concrete,3.900398238,9,2,7,4,4.86,7.3125,565.6578947,0.36,6.839,privative,former,former fireworks,0.0,0.0
fireworks,17,concrete,3.900398238,9,2,7,4,4.86,7.3125,565.6578947,0.36,6.839,baseline,tqvgqrz,tqvgqrz fireworks,0.0,0.0
blessing,17,abstract,3.814331091,8,2,6,2,2.19,8.1143,549.0540541,1.27,3.576,subsective,authentic,authentic blessing,0.0,0.0
blessing,17,abstract,3.814331091,8,2,6,2,2.19,8.1143,549.0540541,1.27,3.576,privative,counterfeit,counterfeit blessing,0.0,0.0
blessing,17,abstract,3.814331091,8,2,6,2,2.19,8.1143,549.0540541,1.27,3.576,baseline,vpbyzkgrf,vpbyzkgrf blessing,0.0,0.0
rubble,18,concrete,3.769454077,6,2,5,13,4.56,3.7879,632.8333333,0.89,5.938,subsective,new,new rubble,0.0,0.0
rubble,18,concrete,3.769454077,6,2,5,13,4.56,3.7879,632.8333333,0.89,5.938,privative,hypothetical,hypothetical rubble,0.0,0.0
rubble,18,concrete,3.769454077,6,2,5,13,4.56,3.7879,632.8333333,0.89,5.938,baseline,bxfjwts,bxfjwts rubble,0.0,0.0
bland,18,abstract,3.498509451,5,1,5,13,2.38,3.0938,611.6285714,1.42,2.656,subsective,real,real bland,0.0,0.0
bland,18,abstract,3.498509451,5,1,5,13,2.38,3.0938,611.6285714,1.42,2.656,privative,mythical,mythical bland,0.0,0.0
bland,18,abstract,3.498509451,5,1,5,13,2.38,3.0938,611.6285714,1.42,2.656,baseline,tqvgqrz,tqvgqrz bland,0.0,0.0
slave,19,concrete,3.86746218,5,1,4,2,4.38,1.5538,496.8157895,0.9,5.563,subsective,actual,actual slave,0.0,0.0
slave,19,concrete,3.86746218,5,1,4,2,4.38,1.5538,496.8157895,0.9,5.563,privative,artificial,artificial slave,0.0,0.0
slave,19,concrete,3.86746218,5,1,4,2,4.38,1.5538,496.8157895,0.9,5.563,baseline,qxsw,qxsw slave,0.0,0.0
sadness,19,abstract,3.721860243,7,2,6,2,1.82,1.8485,537.4736842,1.06,4.125,subsective,new,new sadness,0.0,0.0
sadness,19,abstract,3.721860243,7,2,6,2,1.82,1.8485,537.4736842,1.06,4.125,privative,hypothetical,hypothetical sadness,0.0,0.0
sadness,19,abstract,3.721860243,7,2,6,2,1.82,1.8485,537.4736842,1.06,4.125,baseline,rjdnw,rjdnw sadness,0.0,0.0
ground,20,concrete,5.189751101,6,1,5,2,4.77,5.4333,481.5128205,0.57,6.355,subsective,perfect,perfect ground,0.0,0.0
ground,20,concrete,5.189751101,6,1,5,2,4.77,5.4333,481.5128205,0.57,6.355,privative,mock,mock ground,0.0,0.0
ground,20,concrete,5.189751101,6,1,5,2,4.77,5.4333,481.5128205,0.57,6.355,baseline,qxsw,qxsw ground,0.0,0.0
value,20,abstract,5.004641466,5,2,5,4,1.62,6.3939,512.45,0.88,2.563,subsective,bad,bad value,0.0,0.0
value,20,abstract,5.004641466,5,2,5,4,1.62,6.3939,512.45,0.88,2.563,privative,fake,fake value,0.0,0.0
value,20,abstract,5.004641466,5,2,5,4,1.62,6.3939,512.45,0.88,2.563,baseline,rvqf,rvqf value,0.0,0.0
night,21,concrete,5.650836325,5,1,3,2,4.52,5.9063,508.8421053,0.91,6.588,subsective,typical,typical night,0.0,0.0
night,21,concrete,5.650836325,5,1,3,2,4.52,5.9063,508.8421053,0.91,6.588,privative,spurious,spurious night,0.0,0.0
night,21,concrete,5.650836325,5,1,3,2,4.52,5.9063,508.8421053,0.91,6.588,baseline,mtpv,mtpv night,0.0,0.0
chance,21,abstract,5.455984759,6,1,4,4,1.64,6.4857,531.3,0.99,2.636,subsective,real,real chance,0.0,0.0
chance,21,abstract,5.455984759,6,1,4,4,1.64,6.4857,531.3,0.99,2.636,privative,mythical,mythical chance,0.0,0.0
chance,21,abstract,5.455984759,6,1,4,4,1.64,6.4857,531.3,0.99,2.636,baseline,zrtqgfplh,zrtqgfplh chance,0.0,0.0
squash,22,concrete,3.924392684,6,1,5,2,4.7,4.1471,558.025,0.78,5.143,subsective,perfect,perfect squash,0.0,0.0
squash,22,concrete,3.924392684,6,1,5,2,4.7,4.1471,558.025,0.78,5.143,privative,mock,mock squash,0.0,0.0
squash,22,concrete,3.924392684,6,1,5,2,4.7,4.1471,558.025,0.78,5.143,baseline,rvqf,rvqf squash,0.0,0.0
fuss,22,abstract,3.953654177,4,1,3,2,2.43,3.2121,589.7297297,1.41,3.677,subsective,genuine,genuine fuss,0.0,0.0
fuss,22,abstract,3.953654177,4,1,3,2,2.43,3.2121,589.7297297,1.41,3.677,privative,fictional,fictional fuss,0.0,0.0
fuss,22,abstract,3.953654177,4,1,3,2,2.43,3.2121,589.7297297,1.41,3.677,baseline,fxldmr,fxldmr fuss,0.0,0.0
packet,23,concrete,3.895216641,6,2,5,6,4.46,5.1818,535.675,0.79,5.909,subsective,old,old packet,0.0,0.0
packet,23,concrete,3.895216641,6,2,5,6,4.46,5.1818,535.675,0.79,5.909,privative,imaginary,imaginary packet,0.0,0.0
packet,23,concrete,3.895216641,6,2,5,6,4.46,5.1818,535.675,0.79,5.909,baseline,qxsw,qxsw packet,0.0,0.0
myth,23,abstract,3.948588757,4,1,3,8,2.17,5.0286,567.8648649,1.36,3.194,subsective,unique,unique myth,0.0,0.0
myth,23,abstract,3.948588757,4,1,3,8,2.17,5.0286,567.8648649,1.36,3.194,privative,virtual,virtual myth,0.0,0.0
myth,23,abstract,3.948588757,4,1,3,8,2.17,5.0286,567.8648649,1.36,3.194,baseline,ypdcglkc,ypdcglkc myth,0.0,0.0
bomb,24,concrete,4.491129061,4,1,3,2,4.84,1.5938,504.2777778,0.37,6.273,subsective,actual,actual bomb,0.0,0.0
bomb,24,concrete,4.491129061,4,1,3,2,4.84,1.5938,504.2777778,0.37,6.273,privative,artificial,artificial bomb,0.0,0.0
bomb,24,concrete,4.491129061,4,1,3,2,4.84,1.5938,504.2777778,0.37,6.273,baseline,zrtqgfplh,zrtqgfplh bomb,0.0,0.0
shame,24,abstract,4.723655863,5,1,3,4,2.24,2.2121,544.7567568,1.46,3.412,subsective,current,current shame,0.0,0.0
shame,24,abstract,4.723655863,5,1,3,4,2.24,2.2121,544.7567568,1.46,3.412,privative,false,false shame,0.0,0.0
shame,24,abstract,4.723655863,5,1,3,4,2.24,2.2121,544.7567568,1.46,3.412,baseline,rjdnw,rjdnw shame,0.0,0.0
stab,25,concrete,3.873560698,4,1,4,4,4.07,1.8529,555.5135135,1.14,5.788,subsective,true,true stab,0.0,0.0
stab,25,concrete,3.873560698,4,1,4,4,4.07,1.8529,555.5135135,1.14,5.788,privative,phony,phony stab,0.0,0.0
stab,25,concrete,3.873560698,4,1,4,4,4.07,1.8529,555.5135135,1.14,5.788,baseline,zbxlv,zbxlv stab,0.0,0.0
sin,25,abstract,3.95676056,3,1,3,2,1.85,2.0588,531.1081081,1.2,3.618,subsective,real,real sin,0.0,0.0
sin,25,abstract,3.95676056,3,1,3,2,1.85,2.0588,531.1081081,1.2,3.618,privative,mythical,mythical sin,0.0,0.0
sin,25,abstract,3.95676056,3,1,3,2,1.85,2.0588,531.1081081,1.2,3.618,baseline,bxfjwts,bxfjwts sin,0.0,0.0
beer,26,concrete,4.47410407,4,1,3,4,4.88,5.5429,567.6388889,0.33,6.714,subsective,current,current beer,0.0,0.0
beer,26,concrete,4.47410407,4,1,3,4,4.88,5.5429,567.6388889,0.33,6.714,privative,false,false beer,0.0,0.0
beer,26,concrete,4.47410407,4,1,3,4,4.88,5.5429,567.6388889,0.33,6.714,baseline,mghljkqr,mghljkqr beer,0.0,0.0
fame,26,abstract,4.182307877,4,1,3,4,1.96,6.0,567.65,1.08,4.063,subsective,actual,actual fame,0.0,0.0
fame,26,abstract,4.182307877,4,1,3,4,1.96,6.0,567.65,1.08,4.063,privative,artificial,artificial fame,0.0,0.0
fame,26,abstract,4.182307877,4,1,3,4,1.96,6.0,567.65,1.08,4.063,baseline,bxfjwts,bxfjwts fame,0.0,0.0
book,27,concrete,5.209658815,4,1,3,2,4.9,6.7879,521.3611111,0.31,6.643,subsective,typical,typical book,0.0,0.0
book,27,concrete,5.209658815,4,1,3,2,4.9,6.7879,521.3611111,0.31,6.643,privative,spurious,spurious book,0.0,0.0
book,27,concrete,5.209658815,4,1,3,2,4.9,6.7879,521.3611111,0.31,6.643,baseline,zbxlv,zbxlv book,0.0,0.0
care,27,abstract,5.340331854,4,1,3,2,2.33,7.7188,524.3714286,1.14,3.212,subsective,average,average care,0.0,0.0
care,27,abstract,5.340331854,4,1,3,2,2.33,7.7188,524.3714286,1.14,3.212,privative,fabricated,fabricated care,0.0,0.0
care,27,abstract,5.340331854,4,1,3,2,2.33,7.7188,524.3714286,1.14,3.212,baseline,zbxlv,zbxlv care,0.0,0.0
monarch,28,concrete,3.847718122,7,2,6,6,4.14,5.3235,606.7142857,1.27,5.818,subsective,special,special monarch,0.0,0.0
monarch,28,concrete,3.847718122,7,2,6,6,4.14,5.3235,606.7142857,1.27,5.818,privative,past,past monarch,0.0,0.0
monarch,28,concrete,3.847718122,7,2,6,6,4.14,5.3235,606.7142857,1.27,5.818,baseline,rvqf,rvqf monarch,0.0,0.0
glamour,28,abstract,3.877579314,7,2,5,4,2.11,6.1515,560.3947368,1.15,4.0,subsective,special,special glamour,0.0,0.0
glamour,28,abstract,3.877579314,7,2,5,4,2.11,6.1515,560.3947368,1.15,4.0,privative,past,past glamour,0.0,0.0
glamour,28,abstract,3.877579314,7,2,5,4,2.11,6.1515,560.3947368,1.15,4.0,baseline,bxfjwts,bxfjwts glamour,0.0,0.0
visa,29,concrete,3.649495418,4,2,4,12,4.38,5.4194,528.175,0.94,4.645,subsective,bad,bad visa,0.0,0.0
visa,29,concrete,3.649495418,4,2,4,12,4.38,5.4194,528.175,0.94,4.645,privative,fake,fake visa,0.0,0.0
visa,29,concrete,3.649495418,4,2,4,12,4.38,5.4194,528.175,0.94,4.645,baseline,zrtqgfplh,zrtqgfplh visa,0.0,0.0
lust,29,abstract,3.375163623,4,1,4,10,2.15,5.5429,522.2162162,1.29,4.171,subsective,authentic,authentic lust,0.0,0.0
lust,29,abstract,3.375163623,4,1,4,10,2.15,5.5429,522.2162162,1.29,4.171,privative,counterfeit,counterfeit lust,0.0,0.0
lust,29,abstract,3.375163623,4,1,4,10,2.15,5.5429,522.2162162,1.29,4.171,baseline,fxldmr,fxldmr lust,0.0,0.0
sheepskin,30,concrete,2.528244639,9,2,7,4,4.78,5.0303,648.1891892,0.42,6.143,subsective,current,current sheepskin,0.0,0.0
sheepskin,30,concrete,2.528244639,9,2,7,4,4.78,5.0303,648.1891892,0.42,6.143,privative,false,false sheepskin,0.0,0.0
sheepskin,30,concrete,2.528244639,9,2,7,4,4.78,5.0303,648.1891892,0.42,6.143,baseline,ptrgsbkv,ptrgsbkv sheepskin,0.0,0.0
thrifty,30,abstract,2.704335898,7,2,6,6,1.92,5.875,671.8181818,0.89,2.879,subsective,authentic,authentic thrifty,0.0,0.0
thrifty,30,abstract,2.704335898,7,2,6,6,1.92,5.875,671.8181818,0.89,2.879,privative,counterfeit,counterfeit thrifty,0.0,0.0
thrifty,30,abstract,2.704335898,7,2,6,6,1.92,5.875,671.8181818,0.89,2.879,baseline,xkq,xkq thrifty,0.0,0.0
item,31,concrete,4.699626892,4,2,4,6,4.41,5.1471,538.5833333,0.87,4.647,subsective,typical,typical item,0.0,0.0
item,31,concrete,4.699626892,4,2,4,6,4.41,5.1471,538.5833333,0.87,4.647,privative,spurious,spurious item,0.0,0.0
item,31,concrete,4.699626892,4,2,4,6,4.41,5.1471,538.5833333,0.87,4.647,baseline,xkq,xkq item,0.0,0.0
limit,31,abstract,4.437989396,5,2,5,4,2.28,4.1471,580.1794872,1.33,2.529,subsective,old,old limit,0.0,0.0
limit,31,abstract,4.437989396,5,2,5,4,2.28,4.1471,580.1794872,1.33,2.529,privative,imaginary,imaginary limit,0.0,0.0
limit,31,abstract,4.437989396,5,2,5,4,2.28,4.1471,580.1794872,1.33,2.529,baseline,rvqf,rvqf limit,0.0,0.0
prison,32,concrete,4.813371544,6,2,6,2,4.68,1.9032,510.3,0.67,6.0,subsective,perfect,perfect prison,0.0,0.0
prison,32,concrete,4.813371544,6,2,6,2,4.68,1.9032,510.3,0.67,6.0,privative,mock,mock prison,0.0,0.0
prison,32,concrete,4.813371544,6,2,6,2,4.68,1.9032,510.3,0.67,6.0,baseline,bxfjwts,bxfjwts prison,0.0,0.0
trouble,32,abstract,5.082519966,7,2,6,4,2.25,2.3235,507.5945946,1.32,3.429,subsective,genuine,genuine trouble,0.0,0.0
trouble,32,abstract,5.082519966,7,2,6,4,2.25,2.3235,507.5945946,1.32,3.429,privative,fictional,fictional trouble,0.0,0.0
trouble,32,abstract,5.082519966,7,2,6,4,2.25,2.3235,507.5945946,1.32,3.429,baseline,ptrgsbkv,ptrgsbkv trouble,0.0,0.0
trophy,33,concrete,4.374436161,6,2,5,2,4.89,7.5429,579.825,0.42,6.559,subsective,perfect,perfect trophy,0.0,0.0
trophy,33,concrete,4.374436161,6,2,5,2,4.89,7.5429,579.825,0.42,6.559,privative,mock,mock trophy,0.0,0.0
trophy,33,concrete,4.374436161,6,2,5,2,4.89,7.5429,579.825,0.42,6.559,baseline,tqvgqrz,tqvgqrz trophy,0.0,0.0
skill,33,abstract,4.397907677,5,1,4,4,2.17,7.6129,574.05,1.29,3.419,subsective,new,new skill,0.0,0.0
skill,33,abstract,4.397907677,5,1,4,4,2.17,7.6129,574.05,1.29,3.419,privative,hypothetical,hypothetical skill,0.0,0.0
skill,33,abstract,4.397907677,5,1,4,4,2.17,7.6129,574.05,1.29,3.419,baseline,zrtqgfplh,zrtqgfplh skill,0.0,0.0
shroud,34,concrete,2.838750526,6,1,4,12,4.34,4.1786,634.9714286,1.17,4.167,subsective,real,real shroud,0.0,0.0
shroud,34,concrete,2.838750526,6,1,4,12,4.34,4.1786,634.9714286,1.17,4.167,privative,mythical,mythical shroud,0.0,0.0
shroud,34,concrete,2.838750526,6,1,4,12,4.34,4.1786,634.9714286,1.17,4.167,baseline,mghljkqr,mghljkqr shroud,0.0,0.0
jargon,34,abstract,3.115691475,6,2,6,12,2.07,3.7333,637.9166667,1.13,2.719,subsective,old,old jargon,0.0,0.0
jargon,34,abstract,3.115691475,6,2,6,12,2.07,3.7333,637.9166667,1.13,2.719,privative,imaginary,imaginary jargon,0.0,0.0
jargon,34,abstract,3.115691475,6,2,6,12,2.07,3.7333,637.9166667,1.13,2.719,baseline,mghljkqr,mghljkqr jargon,0.0,0.0
pheasant,35,concrete,3.554874023,8,2,6,8,4.75,4.9412,645.25,0.59,6.177,subsective,good,good pheasant,0.0,0.0
pheasant,35,concrete,3.554874023,8,2,6,8,4.75,4.9412,645.25,0.59,6.177,privative,fictitious,fictitious pheasant,0.0,0.0
pheasant,35,concrete,3.554874023,8,2,6,8,4.75,4.9412,645.25,0.59,6.177,baseline,mghljkqr,mghljkqr pheasant,0.0,0.0
inkling,35,abstract,3.375163623,7,2,6,10,2.25,5.6563,620.7741935,1.46,2.206,subsective,typical,typical inkling,0.0,0.0
inkling,35,abstract,3.375163623,7,2,6,10,2.25,5.6563,620.7741935,1.46,2.206,privative,spurious,spurious inkling,0.0,0.0
inkling,35,abstract,3.375163623,7,2,6,10,2.25,5.6563,620.7741935,1.46,2.206,baseline,rvqf,rvqf inkling,0.0,0.0
chef,36,concrete,4.69521426,4,1,3,6,4.3,5.8438,566.1111111,1.29,6.486,subsective,current,current chef,0.0,0.0
chef,36,concrete,4.69521426,4,1,3,6,4.3,5.8438,566.1111111,1.29,6.486,privative,false,false chef,0.0,0.0
chef,36,concrete,4.69521426,4,1,3,6,4.3,5.8438,566.1111111,1.29,6.486,baseline,ypdcglkc,ypdcglkc chef,0.0,0.0
option,36,abstract,4.60502425,6,2,5,8,2.39,6.0857,519.0263158,1.45,3.118,subsective,average,average option,0.0,0.0
option,36,abstract,4.60502425,6,2,5,8,2.39,6.0857,519.0263158,1.45,3.118,privative,fabricated,fabricated option,0.0,0.0
option,36,abstract,4.60502425,6,2,5,8,2.39,6.0857,519.0263158,1.45,3.118,baseline,kmlsdjtw,kmlsdjtw option,0.0,0.0
dog,37,concrete,5.168214255,3,1,3,2,4.85,7.0667,525.175,0.46,6.889,subsective,true,true dog,0.0,0.0
dog,37,concrete,5.168214255,3,1,3,2,4.85,7.0667,525.175,0.46,6.889,privative,phony,phony dog,0.0,0.0
dog,37,concrete,5.168214255,3,1,3,2,4.85,7.0667,525.175,0.46,6.889,baseline,mghljkqr,mghljkqr dog,0.0,0.0
truth,37,abstract,4.909890512,5,1,4,2,1.96,7.6857,503.9210526,1.4,2.677,subsective,old,old truth,0.0,0.0
truth,37,abstract,4.909890512,5,1,4,2,1.96,7.6857,503.9210526,1.4,2.677,privative,imaginary,imaginary truth,0.0,0.0
truth,37,abstract,4.909890512,5,1,4,2,1.96,7.6857,503.9210526,1.4,2.677,baseline,bxfjwts,bxfjwts truth,0.0,0.0
groom,38,concrete,3.818933801,5,1,4,4,4.54,6.3333,570.2105263,0.96,5.886,subsective,typical,typical groom,0.0,0.0
groom,38,concrete,3.818933801,5,1,4,4,4.54,6.3333,570.2105263,0.96,5.886,privative,spurious,spurious groom,0.0,0.0
groom,38,concrete,3.818933801,5,1,4,4,4.54,6.3333,570.2105263,0.96,5.886,baseline,kmlsdjtw,kmlsdjtw groom,0.0,0.0
notion,38,abstract,3.933279464,6,2,5,6,1.93,5.6774,568.5384615,1.01,2.219,subsective,perfect,perfect notion,0.0,0.0
notion,38,abstract,3.933279464,6,2,5,6,1.93,5.6774,568.5384615,1.01,2.219,privative,mock,mock notion,0.0,0.0
notion,38,abstract,3.933279464,6,2,5,6,1.93,5.6774,568.5384615,1.01,2.219,baseline,zbxlv,zbxlv notion,0.0,0.0
dinner,39,concrete,4.770296194,6,2,4,2,4.5,6.8182,508.725,0.83,6.314,subsective,genuine,genuine dinner,0.0,0.0
dinner,39,concrete,4.770296194,6,2,4,2,4.5,6.8182,508.725,0.83,6.314,privative,fictional,fictional dinner,0.0,0.0
dinner,39,concrete,4.770296194,6,2,4,2,4.5,6.8182,508.725,0.83,6.314,baseline,mtpv,mtpv dinner,0.0,0.0
safety,39,abstract,4.846277268,6,2,5,2,2.37,7.0294,525.7368421,1.31,3.441,subsective,real,real safety,0.0,0.0
safety,39,abstract,4.846277268,6,2,5,2,2.37,7.0294,525.7368421,1.31,3.441,privative,mythical,mythical safety,0.0,0.0
safety,39,abstract,4.846277268,6,2,5,2,2.37,7.0294,525.7368421,1.31,3.441,baseline,qxsw,qxsw safety,0.0,0.0
bread,40,concrete,4.691151525,5,1,4,2,4.92,5.7419,538.7837838,0.28,6.8,subsective,current,current bread,0.0,0.0
bread,40,concrete,4.691151525,5,1,4,2,4.92,5.7419,538.7837838,0.28,6.8,privative,false,false bread,0.0,0.0
bread,40,concrete,4.691151525,5,1,4,2,4.92,5.7419,538.7837838,0.28,6.8,baseline,xkq,xkq bread,0.0,0.0
reserve,40,abstract,4.629425435,7,2,5,4,2.29,5.2581,548.0540541,1.41,3.281,subsective,bad,bad reserve,0.0,0.0
reserve,40,abstract,4.629425435,7,2,5,4,2.29,5.2581,548.0540541,1.41,3.281,privative,fake,fake reserve,0.0,0.0
reserve,40,abstract,4.629425435,7,2,5,4,2.29,5.2581,548.0540541,1.41,3.281,baseline,kmlsdjtw,kmlsdjtw reserve,0.0,0.0
battle,41,concrete,4.937082943,6,2,5,2,4.0,2.25,544.0277778,0.9,5.686,subsective,unique,unique battle,0.0,0.0
battle,41,concrete,4.937082943,6,2,5,2,4.0,2.25,544.0277778,0.9,5.686,privative,virtual,virtual battle,0.0,0.0
battle,41,concrete,4.937082943,6,2,5,2,4.0,2.25,544.0277778,0.9,5.686,baseline,xkq,xkq battle,0.0,0.0
mistake,41,abstract,4.791637005,7,2,6,2,1.97,2.6667,561.1315789,1.0,3.429,subsective,genuine,genuine mistake,0.0,0.0
mistake,41,abstract,4.791637005,7,2,6,2,1.97,2.6667,561.1315789,1.0,3.429,privative,fictional,fictional mistake,0.0,0.0
mistake,41,abstract,4.791637005,7,2,6,2,1.97,2.6667,561.1315789,1.0,3.429,baseline,vpbyzkgrf,vpbyzkgrf mistake,0.0,0.0
clergy,42,concrete,3.362253707,6,2,5,10,4.03,4.7273,629.0571429,1.3,5.516,subsective,average,average clergy,0.0,0.0
clergy,42,concrete,3.362253707,6,2,5,10,4.03,4.7273,629.0571429,1.3,5.516,privative,fabricated,fabricated clergy,0.0,0.0
clergy,42,concrete,3.362253707,6,2,5,10,4.03,4.7273,629.0571429,1.3,5.516,baseline,qxsw,qxsw clergy,0.0,0.0
plight,42,abstract,3.520512189,6,1,4,10,2.04,3.7667,677.3428571,1.4,2.727,subsective,real,real plight,0.0,0.0
plight,42,abstract,3.520512189,6,1,4,10,2.04,3.7667,677.3428571,1.4,2.727,privative,mythical,mythical plight,0.0,0.0
plight,42,abstract,3.520512189,6,1,4,10,2.04,3.7667,677.3428571,1.4,2.727,baseline,mtpv,mtpv plight,0.0,0.0
salt,43,concrete,4.693340514,4,1,4,2,4.89,5.0,512.4594595,0.32,6.324,subsective,actual,actual salt,0.0,0.0
salt,43,concrete,4.693340514,4,1,4,2,4.89,5.0,512.4594595,0.32,6.324,privative,artificial,artificial salt,0.0,0.0
salt,43,concrete,4.693340514,4,1,4,2,4.89,5.0,512.4594595,0.32,6.324,baseline,wvcnz,wvcnz salt,0.0,0.0
effort,43,abstract,4.764848578,6,2,4,4,2.33,5.8788,555.2368421,1.33,3.353,subsective,real,real effort,0.0,0.0
effort,43,abstract,4.764848578,6,2,4,4,2.33,5.8788,555.2368421,1.33,3.353,privative,mythical,mythical effort,0.0,0.0
effort,43,abstract,4.764848578,6,2,4,4,2.33,5.8788,555.2368421,1.33,3.353,baseline,kmlsdjtw,kmlsdjtw effort,0.0,0.0
lice,44,concrete,3.286800333,4,1,3,6,4.73,2.3,578.3589744,0.53,5.807,subsective,new,new lice,0.0,0.0
lice,44,concrete,3.286800333,4,1,3,6,4.73,2.3,578.3589744,0.53,5.807,privative,hypothetical,hypothetical lice,0.0,0.0
lice,44,concrete,3.286800333,4,1,3,6,4.73,2.3,578.3589744,0.53,5.807,baseline,xkq,xkq lice,0.0,0.0
vulgar,44,abstract,3.236065201,6,2,5,6,1.97,2.1515,628.075,0.98,2.969,subsective,true,true vulgar,0.0,0.0
vulgar,44,abstract,3.236065201,6,2,5,6,1.97,2.1515,628.075,0.98,2.969,privative,phony,phony vulgar,0.0,0.0
vulgar,44,abstract,3.236065201,6,2,5,6,1.97,2.1515,628.075,0.98,2.969,baseline,rvqf,rvqf vulgar,0.0,0.0
puffin,45,concrete,3.298880099,6,2,5,13,4.38,5.4118,609.4,1.38,6.143,subsective,typical,typical puffin,0.0,0.0
puffin,45,concrete,3.298880099,6,2,5,13,4.38,5.4118,609.4,1.38,6.143,privative,spurious,spurious puffin,0.0,0.0
puffin,45,concrete,3.298880099,6,2,5,13,4.38,5.4118,609.4,1.38,6.143,baseline,zrtqgfplh,zrtqgfplh puffin,0.0,0.0
proxy,45,abstract,3.047918244,5,2,6,12,2.07,4.6296,648.9459459,1.18,2.286,subsective,unique,unique proxy,0.0,0.0
proxy,45,abstract,3.047918244,5,2,6,12,2.07,4.6296,648.9459459,1.18,2.286,privative,virtual,virtual proxy,0.0,0.0
proxy,45,abstract,3.047918244,5,2,6,12,2.07,4.6296,648.9459459,1.18,2.286,baseline,qxsw,qxsw proxy,0.0,0.0
throne,46,concrete,4.000226254,6,1,4,4,4.64,5.9714,590.2972973,0.99,6.471,subsective,good,good throne,0.0,0.0
throne,46,concrete,4.000226254,6,1,4,4,4.64,5.9714,590.2972973,0.99,6.471,privative,fictitious,fictitious throne,0.0,0.0
throne,46,concrete,4.000226254,6,1,4,4,4.64,5.9714,590.2972973,0.99,6.471,baseline,rvqf,rvqf throne,0.0,0.0
method,46,abstract,4.12387052,6,2,5,6,2.41,5.75,571.925,1.43,2.882,subsective,bad,bad method,0.0,0.0
method,46,abstract,4.12387052,6,2,5,6,2.41,5.75,571.925,1.43,2.882,privative,fake,fake method,0.0,0.0
method,46,abstract,4.12387052,6,2,5,6,2.41,5.75,571.925,1.43,2.882,baseline,bxfjwts,bxfjwts method,0.0,0.0
lettuce,47,concrete,3.813669561,7,2,5,2,4.97,5.5,574.9189189,0.19,6.794,subsective,genuine,genuine lettuce,0.0,0.0
lettuce,47,concrete,3.813669561,7,2,5,2,4.97,5.5,574.9189189,0.19,6.794,privative,fictional,fictional lettuce,0.0,0.0
lettuce,47,concrete,3.813669561,7,2,5,2,4.97,5.5,574.9189189,0.19,6.794,baseline,qxsw,qxsw lettuce,0.0,0.0
fiction,47,abstract,4.10549983,7,2,6,4,2.14,5.697,596.7179487,1.48,3.281,subsective,bad,bad fiction,0.0,0.0
fiction,47,abstract,4.10549983,7,2,6,4,2.14,5.697,596.7179487,1.48,3.281,privative,fake,fake fiction,0.0,0.0
fiction,47,abstract,4.10549983,7,2,6,4,2.14,5.697,596.7179487,1.48,3.281,baseline,ptrgsbkv,ptrgsbkv fiction,0.0,0.0
hedgehog,48,concrete,3.721860243,8,2,6,13,4.93,6.2143,661.2777778,0.25,6.821,subsective,actual,actual hedgehog,0.0,0.0
hedgehog,48,concrete,3.721860243,8,2,6,13,4.93,6.2143,661.2777778,0.25,6.821,privative,artificial,artificial hedgehog,0.0,0.0
hedgehog,48,concrete,3.721860243,8,2,6,13,4.93,6.2143,661.2777778,0.25,6.821,baseline,tqvgqrz,tqvgqrz hedgehog,0.0,0.0
quantum,48,abstract,3.505968244,7,2,7,12,1.9,5.5,662.7428571,1.26,2.121,subsective,bad,bad quantum,0.0,0.0
quantum,48,abstract,3.505968244,7,2,7,12,1.9,5.5,662.7428571,1.26,2.121,privative,fake,fake quantum,0.0,0.0
quantum,48,abstract,3.505968244,7,2,7,12,1.9,5.5,662.7428571,1.26,2.121,baseline,wvcnz,wvcnz quantum,0.0,0.0
resort,49,concrete,4.112708899,6,2,6,6,4.3,5.8065,583.9736842,0.95,4.387,subsective,new,new resort,0.0,0.0
resort,49,concrete,4.112708899,6,2,6,6,4.3,5.8065,583.9736842,0.95,4.387,privative,hypothetical,hypothetical resort,0.0,0.0
resort,49,concrete,4.112708899,6,2,6,6,4.3,5.8065,583.9736842,0.95,4.387,baseline,zbxlv,zbxlv resort,0.0,0.0
status,49,abstract,4.383532138,6,2,6,8,2.24,5.7059,546.8461538,1.43,3.471,subsective,unique,unique status,0.0,0.0
status,49,abstract,4.383532138,6,2,6,8,2.24,5.7059,546.8461538,1.43,3.471,privative,virtual,virtual status,0.0,0.0
status,49,abstract,4.383532138,6,2,6,8,2.24,5.7059,546.8461538,1.43,3.471,baseline,zbxlv,zbxlv status,0.0,0.0
street,50,concrete,5.195546483,6,1,5,2,4.75,5.3333,541.7837838,0.76,6.0,subsective,bad,bad street,0.0,0.0
street,50,concrete,5.195546483,6,1,5,2,4.75,5.3333,541.7837838,0.76,6.0,privative,fake,fake street,0.0,0.0
street,50,concrete,5.195546483,6,1,5,2,4.75,5.3333,541.7837838,0.76,6.0,baseline,fxldmr,fxldmr street,0.0,0.0
service,50,abstract,5.195079085,7,2,5,2,2.21,6.0,519.0,1.26,3.057,subsective,typical,typical service,0.0,0.0
service,50,abstract,5.195079085,7,2,5,2,2.21,6.0,519.0,1.26,3.057,privative,spurious,spurious service,0.0,0.0
service,50,abstract,5.195079085,7,2,5,2,2.21,6.0,519.0,1.26,3.057,baseline,ypdcglkc,ypdcglkc service,0.0,0.0
pastry,51,concrete,4.372429336,6,2,6,6,4.97,5.9714,580.9736842,0.18,6.485,subsective,old,old pastry,0.0,0.0
pastry,51,concrete,4.372429336,6,2,6,6,4.97,5.9714,580.9736842,0.18,6.485,privative,imaginary,imaginary pastry,0.0,0.0
pastry,51,concrete,4.372429336,6,2,6,6,4.97,5.9714,580.9736842,0.18,6.485,baseline,htbqzylm,htbqzylm pastry,0.0,0.0
outcome,51,abstract,4.279953838,7,2,5,8,2.27,5.7059,532.725,1.4,2.794,subsective,new,new outcome,0.0,0.0
outcome,51,abstract,4.279953838,7,2,5,8,2.27,5.7059,532.725,1.4,2.794,privative,hypothetical,hypothetical outcome,0.0,0.0
outcome,51,abstract,4.279953838,7,2,5,8,2.27,5.7059,532.725,1.4,2.794,baseline,mghljkqr,mghljkqr outcome,0.0,0.0
concert,52,concrete,4.234560715,7,2,6,4,4.35,7.2,531.3513514,0.8,6.364,subsective,actual,actual concert,0.0,0.0
concert,52,concrete,4.234560715,7,2,6,4,4.35,7.2,531.3513514,0.8,6.364,privative,artificial,artificial concert,0.0,0.0
concert,52,concrete,4.234560715,7,2,6,4,4.35,7.2,531.3513514,0.8,6.364,baseline,vpbyzkgrf,vpbyzkgrf concert,0.0,0.0
romance,52,abstract,4.088959843,7,2,6,2,2.19,7.5588,535.65,1.3,4.857,subsective,good,good romance,0.0,0.0
romance,52,abstract,4.088959843,7,2,6,2,2.19,7.5588,535.65,1.3,4.857,privative,fictitious,fictitious romance,0.0,0.0
romance,52,abstract,4.088959843,7,2,6,2,2.19,7.5588,535.65,1.3,4.857,baseline,xkq,xkq romance,0.0,0.0
lightning,53,concrete,4.000441624,9,2,6,4,4.59,4.8485,575.1714286,0.87,6.765,subsective,old,old lightning,0.0,0.0
lightning,53,concrete,4.000441624,9,2,6,4,4.59,4.8485,575.1714286,0.87,6.765,privative,imaginary,imaginary lightning,0.0,0.0
lightning,53,concrete,4.000441624,9,2,6,4,4.59,4.8485,575.1714286,0.87,6.765,baseline,ypdcglkc,ypdcglkc lightning,0.0,0.0
command,53,abstract,4.253002255,7,2,6,2,2.48,4.1875,566.0810811,1.24,3.484,subsective,typical,typical command,0.0,0.0
command,53,abstract,4.253002255,7,2,6,2,2.48,4.1875,566.0810811,1.24,3.484,privative,spurious,spurious command,0.0,0.0
command,53,abstract,4.253002255,7,2,6,2,2.48,4.1875,566.0810811,1.24,3.484,baseline,fxldmr,fxldmr command,0.0,0.0
wreck,54,concrete,3.960789515,5,1,3,2,4.07,2.8571,531.2972973,1.08,5.177,subsective,good,good wreck,0.0,0.0
wreck,54,concrete,3.960789515,5,1,3,2,4.07,2.8571,531.2972973,1.08,5.177,privative,fictitious,fictitious wreck,0.0,0.0
wreck,54,concrete,3.960789515,5,1,3,2,4.07,2.8571,531.2972973,1.08,5.177,baseline,rjdnw,rjdnw wreck,0.0,0.0
curse,54,abstract,3.803623751,5,1,3,4,2.39,1.9697,515.3589744,1.34,3.824,subsective,authentic,authentic curse,0.0,0.0
curse,54,abstract,3.803623751,5,1,3,4,2.39,1.9697,515.3589744,1.34,3.824,privative,counterfeit,counterfeit curse,0.0,0.0
curse,54,abstract,3.803623751,5,1,3,4,2.39,1.9697,515.3589744,1.34,3.824,baseline,kmlsdjtw,kmlsdjtw curse,0.0,0.0
bridesmaid,55,concrete,3.454647619,10,2,8,6,4.41,7.0286,601.1315789,0.93,6.394,subsective,authentic,authentic bridesmaid,0.0,0.0
bridesmaid,55,concrete,3.454647619,10,2,8,6,4.41,7.0286,601.1315789,0.93,6.394,privative,counterfeit,counterfeit bridesmaid,0.0,0.0
bridesmaid,55,concrete,3.454647619,10,2,8,6,4.41,7.0286,601.1315789,0.93,6.394,baseline,bxfjwts,bxfjwts bridesmaid,0.0,0.0
tranquil,55,abstract,3.443923753,8,2,8,8,1.9,7.697,636.9166667,0.96,4.029,subsective,true,true tranquil,0.0,0.0
tranquil,55,abstract,3.443923753,8,2,8,8,1.9,7.697,636.9166667,0.96,4.029,privative,phony,phony tranquil,0.0,0.0
tranquil,55,abstract,3.443923753,8,2,8,8,1.9,7.697,636.9166667,0.96,4.029,baseline,rjdnw,rjdnw tranquil,0.0,0.0
mountain,56,concrete,4.6449305,8,2,6,4,4.96,6.1563,568.5263158,0.2,6.833,subsective,important,important mountain,0.0,0.0
mountain,56,concrete,4.6449305,8,2,6,4,4.96,6.1563,568.5263158,0.2,6.833,privative,former,former mountain,0.0,0.0
mountain,56,concrete,4.6449305,8,2,6,4,4.96,6.1563,568.5263158,0.2,6.833,baseline,ypdcglkc,ypdcglkc mountain,0.0,0.0
progress,56,abstract,4.677418454,8,2,7,6,2.12,7.129,540.6052632,1.21,3.364,subsective,unique,unique progress,0.0,0.0
progress,56,abstract,4.677418454,8,2,7,6,2.12,7.129,540.6052632,1.21,3.364,privative,virtual,virtual progress,0.0,0.0
progress,56,abstract,4.677418454,8,2,7,6,2.12,7.129,540.6052632,1.21,3.364,baseline,mghljkqr,mghljkqr progress,0.0,0.0
stake,57,concrete,4.271731346,5,1,4,6,4.21,4.303,617.974359,1.26,3.909,subsective,important,important stake,0.0,0.0
stake,57,concrete,4.271731346,5,1,4,6,4.21,4.303,617.974359,1.26,3.909,privative,former,former stake,0.0,0.0
stake,57,concrete,4.271731346,5,1,4,6,4.21,4.303,617.974359,1.26,3.909,baseline,mghljkqr,mghljkqr stake,0.0,0.0
version,57,abstract,4.536782192,7,2,5,6,1.7,5.1176,584.8378378,0.79,2.688,subsective,current,current version,0.0,0.0
version,57,abstract,4.536782192,7,2,5,6,1.7,5.1176,584.8378378,0.79,2.688,privative,false,false version,0.0,0.0
version,57,abstract,4.536782192,7,2,5,6,1.7,5.1176,584.8378378,0.79,2.688,baseline,zrtqgfplh,zrtqgfplh version,0.0,0.0
vein,58,concrete,3.579397161,4,1,3,6,4.63,4.6667,585.1578947,0.93,6.242,subsective,special,special vein,0.0,0.0
vein,58,concrete,3.579397161,4,1,3,6,4.63,4.6667,585.1578947,0.93,6.242,privative,past,past vein,0.0,0.0
vein,58,concrete,3.579397161,4,1,3,6,4.63,4.6667,585.1578947,0.93,6.242,baseline,fxldmr,fxldmr vein,0.0,0.0
pause,58,abstract,3.860385942,5,1,3,6,2.38,4.9394,535.175,1.21,3.182,subsective,current,current pause,0.0,0.0
pause,58,abstract,3.860385942,5,1,3,6,2.38,4.9394,535.175,1.21,3.182,privative,false,false pause,0.0,0.0
pause,58,abstract,3.860385942,5,1,3,6,2.38,4.9394,535.175,1.21,3.182,baseline,mtpv,mtpv pause,0.0,0.0
midwife,59,concrete,3.593362817,7,2,6,12,4.56,6.7143,605.7567568,0.89,5.912,subsective,actual,actual midwife,0.0,0.0
midwife,59,concrete,3.593362817,7,2,6,12,4.56,6.7143,605.7567568,0.89,5.912,privative,artificial,artificial midwife,0.0,0.0
midwife,59,concrete,3.593362817,7,2,6,12,4.56,6.7143,605.7567568,0.89,5.912,baseline,mtpv,mtpv midwife,0.0,0.0
virtue,59,abstract,3.514621141,6,2,4,10,1.62,7.6176,583.825,1.12,2.343,subsective,bad,bad virtue,0.0,0.0
virtue,59,abstract,3.514621141,6,2,4,10,1.62,7.6176,583.825,1.12,2.343,privative,fake,fake virtue,0.0,0.0
virtue,59,abstract,3.514621141,6,2,4,10,1.62,7.6176,583.825,1.12,2.343,baseline,qxsw,qxsw virtue,0.0,0.0
metal,60,concrete,4.631746522,5,2,5,4,4.87,5.0968,510.15,0.35,5.903,subsective,unique,unique metal,0.0,0.0
metal,60,concrete,4.631746522,5,2,5,4,4.87,5.0968,510.15,0.35,5.903,privative,virtual,virtual metal,0.0,0.0
metal,60,concrete,4.631746522,5,2,5,4,4.87,5.0968,510.15,0.35,5.903,baseline,vpbyzkgrf,vpbyzkgrf metal,0.0,0.0
scheme,60,abstract,4.689568593,6,1,4,6,2.41,4.3939,539.4054054,1.19,3.182,subsective,unique,unique scheme,0.0,0.0
scheme,60,abstract,4.689568593,6,1,4,6,2.41,4.3939,539.4054054,1.19,3.182,privative,virtual,virtual scheme,0.0,0.0
scheme,60,abstract,4.689568593,6,1,4,6,2.41,4.3939,539.4054054,1.19,3.182,baseline,bxfjwts,bxfjwts scheme,0.0,0.0
morgue,61,concrete,3.115691475,6,1,4,6,4.62,2.4063,689.4411765,0.92,5.706,subsective,real,real morgue,0.0,0.0
morgue,61,concrete,3.115691475,6,1,4,6,4.62,2.4063,689.4411765,0.92,5.706,privative,mythical,mythical morgue,0.0,0.0
morgue,61,concrete,3.115691475,6,1,4,6,4.62,2.4063,689.4411765,0.92,5.706,baseline,ypdcglkc,ypdcglkc morgue,0.0,0.0
deceit,61,abstract,3.013799061,6,2,5,8,2.37,2.2121,678.0277778,1.13,2.371,subsective,actual,actual deceit,0.0,0.0
deceit,61,abstract,3.013799061,6,2,5,8,2.37,2.2121,678.0277778,1.13,2.371,privative,artificial,artificial deceit,0.0,0.0
deceit,61,abstract,3.013799061,6,2,5,8,2.37,2.2121,678.0277778,1.13,2.371,baseline,zbxlv,zbxlv deceit,0.0,0.0
medal,62,concrete,4.637048352,5,2,5,4,4.89,7.7273,545.0540541,0.42,6.618,subsective,genuine,genuine medal,0.0,0.0
medal,62,concrete,4.637048352,5,2,5,4,4.89,7.7273,545.0540541,0.42,6.618,privative,fictional,fictional medal,0.0,0.0
medal,62,concrete,4.637048352,5,2,5,4,4.89,7.7273,545.0540541,0.42,6.618,baseline,htbqzylm,htbqzylm medal,0.0,0.0
freedom,62,abstract,4.643757259,7,2,6,4,2.34,8.5588,502.5897436,1.4,3.429,subsective,true,true freedom,0.0,0.0
freedom,62,abstract,4.643757259,7,2,6,4,2.34,8.5588,502.5897436,1.4,3.429,privative,phony,phony freedom,0.0,0.0
freedom,62,abstract,4.643757259,7,2,6,4,2.34,8.5588,502.5897436,1.4,3.429,baseline,bxfjwts,bxfjwts freedom,0.0,0.0
rash,63,concrete,3.612715774,4,1,3,6,4.62,2.8286,556.5945946,0.68,5.147,subsective,true,true rash,0.0,0.0
rash,63,concrete,3.612715774,4,1,3,6,4.62,2.8286,556.5945946,0.68,5.147,privative,phony,phony rash,0.0,0.0
rash,63,concrete,3.612715774,4,1,3,6,4.62,2.8286,556.5945946,0.68,5.147,baseline,wvcnz,wvcnz rash,0.0,0.0
greed,63,abstract,3.629223014,5,1,4,6,1.53,2.2647,556.3333333,0.73,3.636,subsective,old,old greed,0.0,0.0
greed,63,abstract,3.629223014,5,1,4,6,1.53,2.2647,556.3333333,0.73,3.636,privative,imaginary,imaginary greed,0.0,0.0
greed,63,abstract,3.629223014,5,1,4,6,1.53,2.2647,556.3333333,0.73,3.636,baseline,fxldmr,fxldmr greed,0.0,0.0
trap,64,concrete,4.218831564,4,1,4,2,4.3,2.9706,541.0833333,0.93,5.636,subsective,actual,actual trap,0.0,0.0
trap,64,concrete,4.218831564,4,1,4,2,4.3,2.9706,541.0833333,0.93,5.636,privative,artificial,artificial trap,0.0,0.0
trap,64,concrete,4.218831564,4,1,4,2,4.3,2.9706,541.0833333,0.93,5.636,baseline,rjdnw,rjdnw trap,0.0,0.0
anger,64,abstract,4.303726585,5,2,4,2,2.41,2.5294,532.3684211,1.32,4.758,subsective,important,important anger,0.0,0.0
anger,64,abstract,4.303726585,5,2,4,2,2.41,2.5294,532.3684211,1.32,4.758,privative,former,former anger,0.0,0.0
anger,64,abstract,4.303726585,5,2,4,2,2.41,2.5294,532.3684211,1.32,4.758,baseline,htbqzylm,htbqzylm anger,0.0,0.0
dagger,65,concrete,3.281196456,6,2,4,4,4.96,2.7429,569.6756757,0.19,6.606,subsective,perfect,perfect dagger,0.0,0.0
dagger,65,concrete,3.281196456,6,2,4,4,4.96,2.7429,569.6756757,0.19,6.606,privative,mock,mock dagger,0.0,0.0
dagger,65,concrete,3.281196456,6,2,4,4,4.96,2.7429,569.6756757,0.19,6.606,baseline,vpbyzkgrf,vpbyzkgrf dagger,0.0,0.0
boredom,65,abstract,3.261583545,7,2,6,6,1.96,2.4286,555.575,1.32,3.771,subsective,average,average boredom,0.0,0.0
boredom,65,abstract,3.261583545,7,2,6,6,1.96,2.4286,555.575,1.32,3.771,privative,fabricated,fabricated boredom,0.0,0.0
boredom,65,abstract,3.261583545,7,2,6,6,1.96,2.4286,555.575,1.32,3.771,baseline,zrtqgfplh,zrtqgfplh boredom,0.0,0.0
taste,66,concrete,4.946984489,5,1,4,2,4.07,6.9394,509.0,1.39,3.088,subsective,typical,typical taste,0.0,0.0
taste,66,concrete,4.946984489,5,1,4,2,4.07,6.9394,509.0,1.39,3.088,privative,spurious,spurious taste,0.0,0.0
taste,66,concrete,4.946984489,5,1,4,2,4.07,6.9394,509.0,1.39,3.088,baseline,bxfjwts,bxfjwts taste,0.0,0.0
trust,66,abstract,5.018037736,5,1,5,2,2.04,7.3548,514.1842105,1.29,2.735,subsective,important,important trust,0.0,0.0
trust,66,abstract,5.018037736,5,1,5,2,2.04,7.3548,514.1842105,1.29,2.735,privative,former,former trust,0.0,0.0
trust,66,abstract,5.018037736,5,1,5,2,2.04,7.3548,514.1842105,1.29,2.735,baseline,kmlsdjtw,kmlsdjtw trust,0.0,0.0
port,67,concrete,4.491059491,4,1,4,4,4.41,5.1176,541.3783784,1.18,5.177,subsective,good,good port,0.0,0.0
port,67,concrete,4.491059491,4,1,4,4,4.41,5.1176,541.3783784,1.18,5.177,privative,fictitious,fictitious port,0.0,0.0
port,67,concrete,4.491059491,4,1,4,4,4.41,5.1176,541.3783784,1.18,5.177,baseline,tqvgqrz,tqvgqrz port,0.0,0.0
drama,67,abstract,4.519144741,5,2,5,6,2.34,4.4706,575.9189189,1.37,3.735,subsective,special,special drama,0.0,0.0
drama,67,abstract,4.519144741,5,2,5,6,2.34,4.4706,575.9189189,1.37,3.735,privative,past,past drama,0.0,0.0
drama,67,abstract,4.519144741,5,2,5,6,2.34,4.4706,575.9189189,1.37,3.735,baseline,zrtqgfplh,zrtqgfplh drama,0.0,0.0
cervix,68,concrete,2.546994075,6,2,6,13,4.62,5.4063,696.5555556,0.98,5.455,subsective,true,true cervix,0.0,0.0
cervix,68,concrete,2.546994075,6,2,6,13,4.62,5.4063,696.5555556,0.98,5.455,privative,phony,phony cervix,0.0,0.0
cervix,68,concrete,2.546994075,6,2,6,13,4.62,5.4063,696.5555556,0.98,5.455,baseline,fxldmr,fxldmr cervix,0.0,0.0
figment,68,abstract,2.521810529,7,2,7,13,2.04,5.0645,671.6129032,1.27,2.938,subsective,new,new figment,0.0,0.0
figment,68,abstract,2.521810529,7,2,7,13,2.04,5.0645,671.6129032,1.27,2.938,privative,hypothetical,hypothetical figment,0.0,0.0
figment,68,abstract,2.521810529,7,2,7,13,2.04,5.0645,671.6129032,1.27,2.938,baseline,tqvgqrz,tqvgqrz figment,0.0,0.0
pulse,69,concrete,3.928731837,5,1,4,6,4.19,6.0588,573.3947368,0.88,5.177,subsective,special,special pulse,0.0,0.0
pulse,69,concrete,3.928731837,5,1,4,6,4.19,6.0588,573.3947368,0.88,5.177,privative,past,past pulse,0.0,0.0
pulse,69,concrete,3.928731837,5,1,4,6,4.19,6.0588,573.3947368,0.88,5.177,baseline,tqvgqrz,tqvgqrz pulse,0.0,0.0
outlook,69,abstract,3.814000452,7,2,5,6,1.97,5.9697,587.1794872,1.38,3.353,subsective,important,important outlook,0.0,0.0
outlook,69,abstract,3.814000452,7,2,5,6,1.97,5.9697,587.1794872,1.38,3.353,privative,former,former outlook,0.0,0.0
outlook,69,abstract,3.814000452,7,2,5,6,1.97,5.9697,587.1794872,1.38,3.353,baseline,vpbyzkgrf,vpbyzkgrf outlook,0.0,0.0
husband,70,concrete,4.94466486,7,2,7,2,4.11,6.6765,535.2307692,1.22,5.853,subsective,average,average husband,0.0,0.0
husband,70,concrete,4.94466486,7,2,7,2,4.11,6.6765,535.2307692,1.22,5.853,privative,fabricated,fabricated husband,0.0,0.0
husband,70,concrete,4.94466486,7,2,7,2,4.11,6.6765,535.2307692,1.22,5.853,baseline,htbqzylm,htbqzylm husband,0.0,0.0
language,70,abstract,4.819587367,8,2,7,2,2.35,6.7667,554.4358974,1.5,2.484,subsective,special,special language,0.0,0.0
language,70,abstract,4.819587367,8,2,7,2,2.35,6.7667,554.4358974,1.5,2.484,privative,past,past language,0.0,0.0
language,70,abstract,4.819587367,8,2,7,2,2.35,6.7667,554.4358974,1.5,2.484,baseline,qxsw,qxsw language,0.0,0.0
stance,71,concrete,3.739098004,6,1,5,10,4.04,5.6364,610.2820513,1.16,3.886,subsective,perfect,perfect stance,0.0,0.0
stance,71,concrete,3.739098004,6,1,5,10,4.04,5.6364,610.2820513,1.16,3.886,privative,mock,mock stance,0.0,0.0
stance,71,concrete,3.739098004,6,1,5,10,4.04,5.6364,610.2820513,1.16,3.886,baseline,zrtqgfplh,zrtqgfplh stance,0.0,0.0
essence,71,abstract,3.964313698,7,2,5,10,1.66,6.0909,581.027027,1.08,2.471,subsective,important,important essence,0.0,0.0
essence,71,abstract,3.964313698,7,2,5,10,1.66,6.0909,581.027027,1.08,2.471,privative,former,former essence,0.0,0.0
essence,71,abstract,3.964313698,7,2,5,10,1.66,6.0909,581.027027,1.08,2.471,baseline,rvqf,rvqf essence,0.0,0.0
corpse,72,concrete,3.413406229,6,1,5,6,4.89,2.5161,565.1351351,0.42,5.968,subsective,actual,actual corpse,0.0,0.0
corpse,72,concrete,3.413406229,6,1,5,6,4.89,2.5161,565.1351351,0.42,5.968,privative,artificial,artificial corpse,0.0,0.0
corpse,72,concrete,3.413406229,6,1,5,6,4.89,2.5161,565.1351351,0.42,5.968,baseline,htbqzylm,htbqzylm corpse,0.0,0.0
hatred,72,abstract,3.648043736,6,2,6,6,2.0,1.6774,582.7567568,1.2,3.032,subsective,average,average hatred,0.0,0.0
hatred,72,abstract,3.648043736,6,2,6,6,2.0,1.6774,582.7567568,1.2,3.032,privative,fabricated,fabricated hatred,0.0,0.0
hatred,72,abstract,3.648043736,6,2,6,6,2.0,1.6774,582.7567568,1.2,3.032,baseline,mtpv,mtpv hatred,0.0,0.0
lager,73,concrete,3.563792088,5,2,4,12,4.64,5.8387,650.32,0.99,6.0,subsective,true,true lager,0.0,0.0
lager,73,concrete,3.563792088,5,2,4,12,4.64,5.8387,650.32,0.99,6.0,privative,phony,phony lager,0.0,0.0
lager,73,concrete,3.563792088,5,2,4,12,4.64,5.8387,650.32,0.99,6.0,baseline,vpbyzkgrf,vpbyzkgrf lager,0.0,0.0
norm,73,abstract,3.52375079,4,1,4,14,2.11,4.9118,692.7407407,1.1,2.516,subsective,good,good norm,0.0,0.0
norm,73,abstract,3.52375079,4,1,4,14,2.11,4.9118,692.7407407,1.1,2.516,privative,fictitious,fictitious norm,0.0,0.0
norm,73,abstract,3.52375079,4,1,4,14,2.11,4.9118,692.7407407,1.1,2.516,baseline,vpbyzkgrf,vpbyzkgrf norm,0.0,0.0
wave,74,concrete,4.55330943,4,1,3,2,4.55,6.3235,525.5263158,1.02,6.265,subsective,important,important wave,0.0,0.0
wave,74,concrete,4.55330943,4,1,3,2,4.55,6.3235,525.5263158,1.02,6.265,privative,former,former wave,0.0,0.0
wave,74,concrete,4.55330943,4,1,3,2,4.55,6.3235,525.5263158,1.02,6.265,baseline,mtpv,mtpv wave,0.0,0.0
soul,74,abstract,4.526773212,4,1,3,2,1.86,7.1515,531.1428571,1.33,2.912,subsective,average,average soul,0.0,0.0
soul,74,abstract,4.526773212,4,1,3,2,1.86,7.1515,531.1428571,1.33,2.912,privative,fabricated,fabricated soul,0.0,0.0
soul,74,abstract,4.526773212,4,1,3,2,1.86,7.1515,531.1428571,1.33,2.912,baseline,ptrgsbkv,ptrgsbkv soul,0.0,0.0
bugle,75,concrete,3.013799061,5,2,6,6,4.84,4.8,667.1111111,0.47,5.136,subsective,good,good bugle,0.0,0.0
bugle,75,concrete,3.013799061,5,2,6,6,4.84,4.8,667.1111111,0.47,5.136,privative,fictitious,fictitious bugle,0.0,0.0
bugle,75,concrete,3.013799061,5,2,6,6,4.84,4.8,667.1111111,0.47,5.136,baseline,kmlsdjtw,kmlsdjtw bugle,0.0,0.0
folly,75,abstract,3.296708622,5,2,4,8,1.92,4.3571,650.9230769,1.02,2.778,subsective,real,real folly,0.0,0.0
folly,75,abstract,3.296708622,5,2,4,8,1.92,4.3571,650.9230769,1.02,2.778,privative,mythical,mythical folly,0.0,0.0
folly,75,abstract,3.296708622,5,2,4,8,1.92,4.3571,650.9230769,1.02,2.778,baseline,vpbyzkgrf,vpbyzkgrf folly,0.0,0.0
anus,76,concrete,2.816309657,4,2,4,12,4.86,4.129,631.5833333,0.36,5.484,subsective,actual,actual anus,0.0,0.0
anus,76,concrete,2.816309657,4,2,4,12,4.86,4.129,631.5833333,0.36,5.484,privative,artificial,artificial anus,0.0,0.0
anus,76,concrete,2.816309657,4,2,4,12,4.86,4.129,631.5833333,0.36,5.484,baseline,mghljkqr,mghljkqr anus,0.0,0.0
latent,76,abstract,2.587830329,6,2,6,14,1.81,4.4138,595.9310345,1.0,2.8,subsective,authentic,authentic latent,0.0,0.0
latent,76,abstract,2.587830329,6,2,6,14,1.81,4.4138,595.9310345,1.0,2.8,privative,counterfeit,counterfeit latent,0.0,0.0
latent,76,abstract,2.587830329,6,2,6,14,1.81,4.4138,595.9310345,1.0,2.8,baseline,zbxlv,zbxlv latent,0.0,0.0
toga,77,concrete,2.576549318,4,2,4,10,4.73,5.5313,663.75,0.83,5.97,subsective,actual,actual toga,0.0,0.0
toga,77,concrete,2.576549318,4,2,4,10,4.73,5.5313,663.75,0.83,5.97,privative,artificial,artificial toga,0.0,0.0
toga,77,concrete,2.576549318,4,2,4,10,4.73,5.5313,663.75,0.83,5.97,baseline,xkq,xkq toga,0.0,0.0
zeal,77,abstract,2.809679079,4,1,3,10,2.33,6.4286,654.9655172,1.33,2.826,subsective,perfect,perfect zeal,0.0,0.0
zeal,77,abstract,2.809679079,4,1,3,10,2.33,6.4286,654.9655172,1.33,2.826,privative,mock,mock zeal,0.0,0.0
zeal,77,abstract,2.809679079,4,1,3,10,2.33,6.4286,654.9655172,1.33,2.826,baseline,rjdnw,rjdnw zeal,0.0,0.0
gadget,78,concrete,3.683401991,6,2,5,6,4.6,6.4545,564.8,0.89,5.714,subsective,old,old gadget,0.0,0.0
gadget,78,concrete,3.683401991,6,2,5,6,4.6,6.4545,564.8,0.89,5.714,privative,imaginary,imaginary gadget,0.0,0.0
gadget,78,concrete,3.683401991,6,2,5,6,4.6,6.4545,564.8,0.89,5.714,baseline,xkq,xkq gadget,0.0,0.0
leisure,78,abstract,3.906054246,7,2,4,6,2.03,7.2353,580.2777778,1.32,4.177,subsective,genuine,genuine leisure,0.0,0.0
leisure,78,abstract,3.906054246,7,2,4,6,2.03,7.2353,580.2777778,1.32,4.177,privative,fictional,fictional leisure,0.0,0.0
leisure,78,abstract,3.906054246,7,2,4,6,2.03,7.2353,580.2777778,1.32,4.177,baseline,tqvgqrz,tqvgqrz leisure,0.0,0.0
traffic,79,concrete,4.537032614,7,2,6,2,4.67,3.0,553.5833333,0.62,6.103,subsective,current,current traffic,0.0,0.0
traffic,79,concrete,4.537032614,7,2,6,2,4.67,3.0,553.5833333,0.62,6.103,privative,false,false traffic,0.0,0.0
traffic,79,concrete,4.537032614,7,2,6,2,4.67,3.0,553.5833333,0.62,6.103,baseline,wvcnz,wvcnz traffic,0.0,0.0
fault,79,abstract,4.751801656,5,1,4,4,2.41,2.8529,601.7368421,1.45,2.5,subsective,authentic,authentic fault,0.0,0.0
fault,79,abstract,4.751801656,5,1,4,4,2.41,2.8529,601.7368421,1.45,2.5,privative,counterfeit,counterfeit fault,0.0,0.0
fault,79,abstract,4.751801656,5,1,4,4,2.41,2.8529,601.7368421,1.45,2.5,baseline,rvqf,rvqf fault,0.0,0.0
doctor,80,concrete,5.021887178,6,2,5,2,4.69,6.1176,498.2105263,0.81,6.546,subsective,unique,unique doctor,0.0,0.0
doctor,80,concrete,5.021887178,6,2,5,2,4.69,6.1176,498.2105263,0.81,6.546,privative,virtual,virtual doctor,0.0,0.0
doctor,80,concrete,5.021887178,6,2,5,2,4.69,6.1176,498.2105263,0.81,6.546,baseline,tqvgqrz,tqvgqrz doctor,0.0,0.0
interest,80,abstract,5.048574016,8,2,7,4,1.8,7.0,529.925,1.12,3.143,subsective,genuine,genuine interest,0.0,0.0
interest,80,abstract,5.048574016,8,2,7,4,1.8,7.0,529.925,1.12,3.143,privative,fictional,fictional interest,0.0,0.0
interest,80,abstract,5.048574016,8,2,7,4,1.8,7.0,529.925,1.12,3.143,baseline,zbxlv,zbxlv interest,0.0,0.0
tripod,81,concrete,3.036179841,6,2,6,10,4.72,5.2903,624.6756757,0.84,6.177,subsective,good,good tripod,0.0,0.0
tripod,81,concrete,3.036179841,6,2,6,10,4.72,5.2903,624.6756757,0.84,6.177,privative,fictitious,fictitious tripod,0.0,0.0
tripod,81,concrete,3.036179841,6,2,6,10,4.72,5.2903,624.6756757,0.84,6.177,baseline,zbxlv,zbxlv tripod,0.0,0.0
tact,81,abstract,2.883256447,4,1,4,10,1.76,5.7576,576.5675676,1.12,2.371,subsective,old,old tact,0.0,0.0
tact,81,abstract,2.883256447,4,1,4,10,1.76,5.7576,576.5675676,1.12,2.371,privative,imaginary,imaginary tact,0.0,0.0
tact,81,abstract,2.883256447,4,1,4,10,1.76,5.7576,576.5675676,1.12,2.371,baseline,mtpv,mtpv tact,0.0,0.0
kick,82,concrete,4.908429269,4,1,3,2,4.33,3.1818,519.6052632,0.98,5.829,subsective,actual,actual kick,0.0,0.0
kick,82,concrete,4.908429269,4,1,3,2,4.33,3.1818,519.6052632,0.98,5.829,privative,artificial,artificial kick,0.0,0.0
kick,82,concrete,4.908429269,4,1,3,2,4.33,3.1818,519.6052632,0.98,5.829,baseline,kmlsdjtw,kmlsdjtw kick,0.0,0.0
doubt,82,abstract,4.892022475,5,1,3,4,1.79,2.9697,535.1052632,1.18,2.765,subsective,new,new doubt,0.0,0.0
doubt,82,abstract,4.892022475,5,1,3,4,1.79,2.9697,535.1052632,1.18,2.765,privative,hypothetical,hypothetical doubt,0.0,0.0
doubt,82,abstract,4.892022475,5,1,3,4,1.79,2.9697,535.1052632,1.18,2.765,baseline,kmlsdjtw,kmlsdjtw doubt,0.0,0.0
hydrant,83,concrete,2.34894824,7,2,7,6,4.76,5.0303,688.7428571,0.64,5.4,subsective,good,good hydrant,0.0,0.0
hydrant,83,concrete,2.34894824,7,2,7,6,4.76,5.0303,688.7428571,0.64,5.4,privative,fictitious,fictitious hydrant,0.0,0.0
hydrant,83,concrete,2.34894824,7,2,7,6,4.76,5.0303,688.7428571,0.64,5.4,baseline,ypdcglkc,ypdcglkc hydrant,0.0,0.0
pronoun,83,abstract,2.093675735,7,2,6,6,2.48,5.2571,646.2,1.55,2.6,subsective,perfect,perfect pronoun,0.0,0.0
pronoun,83,abstract,2.093675735,7,2,6,6,2.48,5.2571,646.2,1.55,2.6,privative,mock,mock pronoun,0.0,0.0
pronoun,83,abstract,2.093675735,7,2,6,6,2.48,5.2571,646.2,1.55,2.6,baseline,fxldmr,fxldmr pronoun,0.0,0.0
lynx,84,concrete,3.164083057,4,1,5,13,4.5,5.75,641.2121212,1.2,5.97,subsective,good,good lynx,0.0,0.0
lynx,84,concrete,3.164083057,4,1,5,13,4.5,5.75,641.2121212,1.2,5.97,privative,fictitious,fictitious lynx,0.0,0.0
lynx,84,concrete,3.164083057,4,1,5,13,4.5,5.75,641.2121212,1.2,5.97,baseline,wvcnz,wvcnz lynx,0.0,0.0
allure,84,abstract,2.943708993,6,2,4,13,1.92,6.0,648.0,1.29,2.594,subsective,real,real allure,0.0,0.0
allure,84,abstract,2.943708993,6,2,4,13,1.92,6.0,648.0,1.29,2.594,privative,mythical,mythical allure,0.0,0.0
allure,84,abstract,2.943708993,6,2,4,13,1.92,6.0,648.0,1.29,2.594,baseline,zbxlv,zbxlv allure,0.0,0.0
ditch,85,concrete,3.915843814,5,1,3,4,4.5,3.375,579.6111111,0.9,4.938,subsective,authentic,authentic ditch,0.0,0.0
ditch,85,concrete,3.915843814,5,1,3,4,4.5,3.375,579.6111111,0.9,4.938,privative,counterfeit,counterfeit ditch,0.0,0.0
ditch,85,concrete,3.915843814,5,1,3,4,4.5,3.375,579.6111111,0.9,4.938,baseline,mtpv,mtpv ditch,0.0,0.0
pity,85,abstract,4.095236388,4,2,4,4,1.87,3.2258,614.8157895,1.14,3.344,subsective,true,true pity,0.0,0.0
pity,85,abstract,4.095236388,4,2,4,4,1.87,3.2258,614.8157895,1.14,3.344,privative,phony,phony pity,0.0,0.0
pity,85,abstract,4.095236388,4,2,4,4,1.87,3.2258,614.8157895,1.14,3.344,baseline,mtpv,mtpv pity,0.0,0.0
picture,86,concrete,5.126213914,7,2,5,2,4.52,6.1176,510.1282051,1.01,5.969,subsective,true,true picture,0.0,0.0
picture,86,concrete,5.126213914,7,2,5,2,4.52,6.1176,510.1282051,1.01,5.969,privative,phony,phony picture,0.0,0.0
picture,86,concrete,5.126213914,7,2,5,2,4.52,6.1176,510.1282051,1.01,5.969,baseline,kmlsdjtw,kmlsdjtw picture,0.0,0.0
future,86,abstract,5.300544768,6,2,5,4,1.86,6.5313,487.5384615,1.3,3.667,subsective,current,current future,0.0,0.0
future,86,abstract,5.300544768,6,2,5,4,1.86,6.5313,487.5384615,1.3,3.667,privative,false,false future,0.0,0.0
future,86,abstract,5.300544768,6,2,5,4,1.86,6.5313,487.5384615,1.3,3.667,baseline,zbxlv,zbxlv future,0.0,0.0
pudding,87,concrete,4.439558948,7,2,5,2,4.9,6.5,576.6315789,0.3,6.029,subsective,bad,bad pudding,0.0,0.0
pudding,87,concrete,4.439558948,7,2,5,2,4.9,6.5,576.6315789,0.3,6.029,privative,fake,fake pudding,0.0,0.0
pudding,87,concrete,4.439558948,7,2,5,2,4.9,6.5,576.6315789,0.3,6.029,baseline,mtpv,mtpv pudding,0.0,0.0
heaven,87,abstract,4.601693425,6,2,5,2,1.81,7.4571,530.4871795,1.47,4.457,subsective,special,special heaven,0.0,0.0
heaven,87,abstract,4.601693425,6,2,5,2,1.81,7.4571,530.4871795,1.47,4.457,privative,past,past heaven,0.0,0.0
heaven,87,abstract,4.601693425,6,2,5,2,1.81,7.4571,530.4871795,1.47,4.457,baseline,htbqzylm,htbqzylm heaven,0.0,0.0
cake,88,concrete,4.805415495,4,1,3,2,4.81,7.2121,506.6486486,0.68,6.686,subsective,new,new cake,0.0,0.0
cake,88,concrete,4.805415495,4,1,3,2,4.81,7.2121,506.6486486,0.68,6.686,privative,hypothetical,hypothetical cake,0.0,0.0
cake,88,concrete,4.805415495,4,1,3,2,4.81,7.2121,506.6486486,0.68,6.686,baseline,qxsw,qxsw cake,0.0,0.0
joy,88,abstract,4.525939325,3,1,2,2,2.37,8.0606,531.8157895,1.52,4.941,subsective,good,good joy,0.0,0.0
joy,88,abstract,4.525939325,3,1,2,2,2.37,8.0606,531.8157895,1.52,4.941,privative,fictitious,fictitious joy,0.0,0.0
joy,88,abstract,4.525939325,3,1,2,2,2.37,8.0606,531.8157895,1.52,4.941,baseline,bxfjwts,bxfjwts joy,0.0,0.0
dune,89,concrete,3.005365894,4,1,3,8,4.46,5.1,623.65625,0.95,5.355,subsective,real,real dune,0.0,0.0
dune,89,concrete,3.005365894,4,1,3,8,4.46,5.1,623.65625,0.95,5.355,privative,mythical,mythical dune,0.0,0.0
dune,89,concrete,3.005365894,4,1,3,8,4.46,5.1,623.65625,0.95,5.355,baseline,xkq,xkq dune,0.0,0.0
meek,89,abstract,2.928731837,4,1,3,8,2.22,4.1333,606.9393939,1.34,3.7,subsective,bad,bad meek,0.0,0.0
meek,89,abstract,2.928731837,4,1,3,8,2.22,4.1333,606.9393939,1.34,3.7,privative,fake,fake meek,0.0,0.0
meek,89,abstract,2.928731837,4,1,3,8,2.22,4.1333,606.9393939,1.34,3.7,baseline,ypdcglkc,ypdcglkc meek,0.0,0.0
morsel,90,concrete,2.604220745,6,2,6,8,4.19,3.8667,683.3,0.79,4.807,subsective,bad,bad morsel,0.0,0.0
morsel,90,concrete,2.604220745,6,2,6,8,4.19,3.8667,683.3,0.79,4.807,privative,fake,fake morsel,0.0,0.0
morsel,90,concrete,2.604220745,6,2,6,8,4.19,3.8667,683.3,0.79,4.807,baseline,tqvgqrz,tqvgqrz morsel,0.0,0.0
miser,90,abstract,2.41173907,5,2,4,6,2.36,3.7308,704.7142857,1.38,3.708,subsective,new,new miser,0.0,0.0
miser,90,abstract,2.41173907,5,2,4,6,2.36,3.7308,704.7142857,1.38,3.708,privative,hypothetical,hypothetical miser,0.0,0.0
miser,90,abstract,2.41173907,5,2,4,6,2.36,3.7308,704.7142857,1.38,3.708,baseline,fxldmr,fxldmr miser,0.0,0.0
troll,91,concrete,3.322076094,5,1,4,6,4.28,3.0286,636.3333333,1.16,5.686,subsective,special,special troll,0.0,0.0
troll,91,concrete,3.322076094,5,1,4,6,4.28,3.0286,636.3333333,1.16,5.686,privative,past,past troll,0.0,0.0
troll,91,concrete,3.322076094,5,1,4,6,4.28,3.0286,636.3333333,1.16,5.686,baseline,mghljkqr,mghljkqr troll,0.0,0.0
setback,91,abstract,3.51396162,7,2,6,8,1.97,3.0606,620.4285714,1.13,3.25,subsective,typical,typical setback,0.0,0.0
setback,91,abstract,3.51396162,7,2,6,8,1.97,3.0606,620.4285714,1.13,3.25,privative,spurious,spurious setback,0.0,0.0
setback,91,abstract,3.51396162,7,2,6,8,1.97,3.0606,620.4285714,1.13,3.25,baseline,rjdnw,rjdnw setback,0.0,0.0
fungus,92,concrete,3.483904097,6,2,6,10,4.59,3.3824,627.1388889,0.78,5.829,subsective,unique,unique fungus,0.0,0.0
fungus,92,concrete,3.483904097,6,2,6,10,4.59,3.3824,627.1388889,0.78,5.829,privative,virtual,virtual fungus,0.0,0.0
fungus,92,concrete,3.483904097,6,2,6,10,4.59,3.3824,627.1388889,0.78,5.829,baseline,wvcnz,wvcnz fungus,0.0,0.0
remorse,92,abstract,3.289021793,7,2,6,10,2.0,3.7576,588.6111111,1.05,2.879,subsective,authentic,authentic remorse,0.0,0.0
remorse,92,abstract,3.289021793,7,2,6,10,2.0,3.7576,588.6111111,1.05,2.879,privative,counterfeit,counterfeit remorse,0.0,0.0
remorse,92,abstract,3.289021793,7,2,6,10,2.0,3.7576,588.6111111,1.05,2.879,baseline,tqvgqrz,tqvgqrz remorse,0.0,0.0
church,93,concrete,5.019441484,6,1,3,2,4.9,4.4063,502.8648649,0.41,6.467,subsective,true,true church,0.0,0.0
church,93,concrete,5.019441484,6,1,3,2,4.9,4.4063,502.8648649,0.41,6.467,privative,phony,phony church,0.0,0.0
church,93,concrete,5.019441484,6,1,3,2,4.9,4.4063,502.8648649,0.41,6.467,baseline,xkq,xkq church,0.0,0.0
risk,93,abstract,4.984833925,4,1,4,2,1.63,3.4706,517.225,0.81,3.125,subsective,typical,typical risk,0.0,0.0
risk,93,abstract,4.984833925,4,1,4,2,1.63,3.4706,517.225,0.81,3.125,privative,spurious,spurious risk,0.0,0.0
risk,93,abstract,4.984833925,4,1,4,2,1.63,3.4706,517.225,0.81,3.125,baseline,vpbyzkgrf,vpbyzkgrf risk,0.0,0.0
chasm,94,concrete,2.994588803,5,2,5,10,4.24,4.0,670.90625,1.2,4.115,subsective,special,special chasm,0.0,0.0
chasm,94,concrete,2.994588803,5,2,5,10,4.24,4.0,670.90625,1.2,4.115,privative,past,past chasm,0.0,0.0
chasm,94,concrete,2.994588803,5,2,5,10,4.24,4.0,670.90625,1.2,4.115,baseline,mtpv,mtpv chasm,0.0,0.0
ploy,94,abstract,3.088432679,4,1,3,12,2.21,3.7576,687.4375,1.15,2.516,subsective,typical,typical ploy,0.0,0.0
ploy,94,abstract,3.088432679,4,1,3,12,2.21,3.7576,687.4375,1.15,2.516,privative,spurious,spurious ploy,0.0,0.0
ploy,94,abstract,3.088432679,4,1,3,12,2.21,3.7576,687.4375,1.15,2.516,baseline,htbqzylm,htbqzylm ploy,0.0,0.0
froth,95,concrete,3.009602947,5,1,4,10,4.14,4.9412,667.8235294,1.15,5.613,subsective,important,important froth,0.0,0.0
froth,95,concrete,3.009602947,5,1,4,10,4.14,4.9412,667.8235294,1.15,5.613,privative,former,former froth,0.0,0.0
froth,95,concrete,3.009602947,5,1,4,10,4.14,4.9412,667.8235294,1.15,5.613,baseline,bxfjwts,bxfjwts froth,0.0,0.0
upkeep,95,abstract,3.017955021,6,2,5,12,2.44,5.6061,674.0555556,1.37,2.5,subsective,real,real upkeep,0.0,0.0
upkeep,95,abstract,3.017955021,6,2,5,12,2.44,5.6061,674.0555556,1.37,2.5,privative,mythical,mythical upkeep,0.0,0.0
upkeep,95,abstract,3.017955021,6,2,5,12,2.44,5.6061,674.0555556,1.37,2.5,baseline,wvcnz,wvcnz upkeep,0.0,0.0
vessel,96,concrete,3.934032794,6,2,5,6,4.66,5.0882,588.1944444,0.67,5.529,subsective,new,new vessel,0.0,0.0
vessel,96,concrete,3.934032794,6,2,5,6,4.66,5.0882,588.1944444,0.67,5.529,privative,hypothetical,hypothetical vessel,0.0,0.0
vessel,96,concrete,3.934032794,6,2,5,6,4.66,5.0882,588.1944444,0.67,5.529,baseline,wvcnz,wvcnz vessel,0.0,0.0
fate,96,abstract,4.224395371,4,1,3,8,1.53,5.3333,608.0294118,0.97,2.441,subsective,perfect,perfect fate,0.0,0.0
fate,96,abstract,4.224395371,4,1,3,8,1.53,5.3333,608.0294118,0.97,2.441,privative,mock,mock fate,0.0,0.0
fate,96,abstract,4.224395371,4,1,3,8,1.53,5.3333,608.0294118,0.97,2.441,baseline,ptrgsbkv,ptrgsbkv fate,0.0,0.0
mosque,97,concrete,3.81034671,6,1,4,13,4.54,5.2667,609.2051282,0.92,6.258,subsective,average,average mosque,0.0,0.0
mosque,97,concrete,3.81034671,6,1,4,13,4.54,5.2667,609.2051282,0.92,6.258,privative,fabricated,fabricated mosque,0.0,0.0
mosque,97,concrete,3.81034671,6,1,4,13,4.54,5.2667,609.2051282,0.92,6.258,baseline,wvcnz,wvcnz mosque,0.0,0.0
verge,97,abstract,3.645125733,5,1,3,12,2.32,4.6176,599.1891892,1.31,4.344,subsective,old,old verge,0.0,0.0
verge,97,abstract,3.645125733,5,1,3,12,2.32,4.6176,599.1891892,1.31,4.344,privative,imaginary,imaginary verge,0.0,0.0
verge,97,abstract,3.645125733,5,1,3,12,2.32,4.6176,599.1891892,1.31,4.344,baseline,rjdnw,rjdnw verge,0.0,0.0
pimp,98,concrete,3.091935073,4,1,4,14,4.18,2.8788,590.0789474,1.02,5.5,subsective,average,average pimp,0.0,0.0
pimp,98,concrete,3.091935073,4,1,4,14,4.18,2.8788,590.0789474,1.02,5.5,privative,fabricated,fabricated pimp,0.0,0.0
pimp,98,concrete,3.091935073,4,1,4,14,4.18,2.8788,590.0789474,1.02,5.5,baseline,mghljkqr,mghljkqr pimp,0.0,0.0
malice,98,abstract,2.994588803,6,2,5,12,1.72,2.4412,635.5882353,0.79,2.625,subsective,good,good malice,0.0,0.0
malice,98,abstract,2.994588803,6,2,5,12,1.72,2.4412,635.5882353,0.79,2.625,privative,fictitious,fictitious malice,0.0,0.0
malice,98,abstract,2.994588803,6,2,5,12,1.72,2.4412,635.5882353,0.79,2.625,baseline,fxldmr,fxldmr malice,0.0,0.0
rhino,99,concrete,3.896859623,5,2,4,6,4.9,5.3529,592.0789474,0.3,6.829,subsective,new,new rhino,0.0,0.0
rhino,99,concrete,3.896859623,5,2,4,6,4.9,5.3529,592.0789474,0.3,6.829,privative,hypothetical,hypothetical rhino,0.0,0.0
rhino,99,concrete,3.896859623,5,2,4,6,4.9,5.3529,592.0789474,0.3,6.829,baseline,ypdcglkc,ypdcglkc rhino,0.0,0.0
phase,99,abstract,4.142117538,5,1,3,8,2.46,5.0882,617.1944444,1.26,2.971,subsective,genuine,genuine phase,0.0,0.0
phase,99,abstract,4.142117538,5,1,3,8,2.46,5.0882,617.1944444,1.26,2.971,privative,fictional,fictional phase,0.0,0.0
phase,99,abstract,4.142117538,5,1,3,8,2.46,5.0882,617.1944444,1.26,2.971,baseline,zrtqgfplh,zrtqgfplh phase,0.0,0.0
wine,100,concrete,4.842080855,4,1,3,4,4.79,6.2286,523.0,0.5,6.618,subsective,special,special wine,0.0,0.0
wine,100,concrete,4.842080855,4,1,3,4,4.79,6.2286,523.0,0.5,6.618,privative,past,past wine,0.0,0.0
wine,100,concrete,4.842080855,4,1,3,4,4.79,6.2286,523.0,0.5,6.618,baseline,kmlsdjtw,kmlsdjtw wine,0.0,0.0
role,100,abstract,4.943978809,4,1,3,6,2.19,5.6875,504.3783784,1.27,3.226,subsective,good,good role,0.0,0.0
role,100,abstract,4.943978809,4,1,3,6,2.19,5.6875,504.3783784,1.27,3.226,privative,fictitious,fictitious role,0.0,0.0
role,100,abstract,4.943978809,4,1,3,6,2.19,5.6875,504.3783784,1.27,3.226,baseline,mtpv,mtpv role,0.0,0.0
laughter,101,concrete,3.843102834,8,2,5,6,4.22,8.2258,532.5789474,1.34,5.188,subsective,genuine,genuine laughter,0.0,0.0
laughter,101,concrete,3.843102834,8,2,5,6,4.22,8.2258,532.5789474,1.34,5.188,privative,fictional,fictional laughter,0.0,0.0
laughter,101,concrete,3.843102834,8,2,5,6,4.22,8.2258,532.5789474,1.34,5.188,baseline,wvcnz,wvcnz laughter,0.0,0.0
triumph,101,abstract,4.010866043,7,2,6,6,2.17,8.2941,557.6410256,1.36,4.065,subsective,current,current triumph,0.0,0.0
triumph,101,abstract,4.010866043,7,2,6,6,2.17,8.2941,557.6410256,1.36,4.065,privative,false,false triumph,0.0,0.0
triumph,101,abstract,4.010866043,7,2,6,6,2.17,8.2941,557.6410256,1.36,4.065,baseline,kmlsdjtw,kmlsdjtw triumph,0.0,0.0
mauve,102,concrete,2.708572951,5,1,3,14,4.0,5.1212,719.3448276,1.41,4.968,subsective,perfect,perfect mauve,0.0,0.0
mauve,102,concrete,2.708572951,5,1,3,14,4.0,5.1212,719.3448276,1.41,4.968,privative,mock,mock mauve,0.0,0.0
mauve,102,concrete,2.708572951,5,1,3,14,4.0,5.1212,719.3448276,1.41,4.968,baseline,ypdcglkc,ypdcglkc mauve,0.0,0.0
innate,102,abstract,2.907923331,6,2,4,14,1.73,5.0,684.0571429,0.87,2.323,subsective,perfect,perfect innate,0.0,0.0
innate,102,abstract,2.907923331,6,2,4,14,1.73,5.0,684.0571429,0.87,2.323,privative,mock,mock innate,0.0,0.0
innate,102,abstract,2.907923331,6,2,4,14,1.73,5.0,684.0571429,0.87,2.323,baseline,xkq,xkq innate,0.0,0.0
maggot,103,concrete,2.938773775,6,2,5,10,4.97,2.5588,588.7714286,0.18,6.485,subsective,real,real maggot,0.0,0.0
maggot,103,concrete,2.938773775,6,2,5,10,4.97,2.5588,588.7714286,0.18,6.485,privative,mythical,mythical maggot,0.0,0.0
maggot,103,concrete,2.938773775,6,2,5,10,4.97,2.5588,588.7714286,0.18,6.485,baseline,ptrgsbkv,ptrgsbkv maggot,0.0,0.0
taboo,103,abstract,3.13506842,5,2,4,10,1.67,3.2059,591.8333333,1.07,2.429,subsective,important,important taboo,0.0,0.0
taboo,103,abstract,3.13506842,5,2,4,10,1.67,3.2059,591.8333333,1.07,2.429,privative,former,former taboo,0.0,0.0
taboo,103,abstract,3.13506842,5,2,4,10,1.67,3.2059,591.8333333,1.07,2.429,baseline,qxsw,qxsw taboo,0.0,0.0
mistress,104,concrete,3.807670003,8,2,7,6,4.22,3.4545,549.3243243,1.04,5.412,subsective,current,current mistress,0.0,0.0
mistress,104,concrete,3.807670003,8,2,7,6,4.22,3.4545,549.3243243,1.04,5.412,privative,false,false mistress,0.0,0.0
mistress,104,concrete,3.807670003,8,2,7,6,4.22,3.4545,549.3243243,1.04,5.412,baseline,bxfjwts,bxfjwts mistress,0.0,0.0
menace,104,abstract,3.553068223,6,2,5,8,2.3,2.5714,577.2051282,1.02,3.857,subsective,unique,unique menace,0.0,0.0
menace,104,abstract,3.553068223,6,2,5,8,2.3,2.5714,577.2051282,1.02,3.857,privative,virtual,virtual menace,0.0,0.0
menace,104,abstract,3.553068223,6,2,5,8,2.3,2.5714,577.2051282,1.02,3.857,baseline,rjdnw,rjdnw menace,0.0,0.0
strike,105,concrete,4.728596142,6,1,5,2,4.07,3.4242,508.0,1.24,5.147,subsective,bad,bad strike,0.0,0.0
strike,105,concrete,4.728596142,6,1,5,2,4.07,3.4242,508.0,1.24,5.147,privative,fake,fake strike,0.0,0.0
strike,105,concrete,4.728596142,6,1,5,2,4.07,3.4242,508.0,1.24,5.147,baseline,xkq,xkq strike,0.0,0.0
excuse,105,abstract,4.858628567,6,2,7,4,2.29,3.6364,550.225,1.33,2.794,subsective,perfect,perfect excuse,0.0,0.0
excuse,105,abstract,4.858628567,6,2,7,4,2.29,3.6364,550.225,1.33,2.794,privative,mock,mock excuse,0.0,0.0
excuse,105,abstract,4.858628567,6,2,7,4,2.29,3.6364,550.225,1.33,2.794,baseline,wvcnz,wvcnz excuse,0.0,0.0
door,106,concrete,5.259750452,4,1,3,2,4.81,5.3548,498.4473684,0.65,6.686,subsective,new,new door,0.0,0.0
door,106,concrete,5.259750452,4,1,3,2,4.81,5.3548,498.4473684,0.65,6.686,privative,hypothetical,hypothetical door,0.0,0.0
door,106,concrete,5.259750452,4,1,3,2,4.81,5.3548,498.4473684,0.65,6.686,baseline,rvqf,rvqf door,0.0,0.0
power,106,abstract,5.289376175,5,2,3,4,2.04,5.7813,519.0857143,1.34,3.818,subsective,average,average power,0.0,0.0
power,106,abstract,5.289376175,5,2,3,4,2.04,5.7813,519.0857143,1.34,3.818,privative,fabricated,fabricated power,0.0,0.0
power,106,abstract,5.289376175,5,2,3,4,2.04,5.7813,519.0857143,1.34,3.818,baseline,fxldmr,fxldmr power,0.0,0.0
bomber,107,concrete,3.859791018,6,2,4,4,4.45,2.0667,637.925,0.93,4.9,subsective,important,important bomber,0.0,0.0
bomber,107,concrete,3.859791018,6,2,4,4,4.45,2.0667,637.925,0.93,4.9,privative,former,former bomber,0.0,0.0
bomber,107,concrete,3.859791018,6,2,4,4,4.45,2.0667,637.925,0.93,4.9,baseline,bxfjwts,bxfjwts bomber,0.0,0.0
nuisance,107,abstract,3.697901788,8,2,6,6,2.19,2.6857,626.7647059,1.27,3.314,subsective,true,true nuisance,0.0,0.0
nuisance,107,abstract,3.697901788,8,2,6,6,2.19,2.6857,626.7647059,1.27,3.314,privative,phony,phony nuisance,0.0,0.0
nuisance,107,abstract,3.697901788,8,2,6,6,2.19,2.6857,626.7647059,1.27,3.314,baseline,ypdcglkc,ypdcglkc nuisance,0.0,0.0
waltz,108,concrete,3.751877988,5,1,5,4,4.52,6.4375,643.59375,0.57,5.667,subsective,perfect,perfect waltz,0.0,0.0
waltz,108,concrete,3.751877988,5,1,5,4,4.52,6.4375,643.59375,0.57,5.667,privative,mock,mock waltz,0.0,0.0
waltz,108,concrete,3.751877988,5,1,5,4,4.52,6.4375,643.59375,0.57,5.667,baseline,htbqzylm,htbqzylm waltz,0.0,0.0
premium,108,abstract,3.935535545,7,3,7,6,2.11,6.9697,603.5135135,1.1,2.886,subsective,current,current premium,0.0,0.0
premium,108,abstract,3.935535545,7,3,7,6,2.11,6.9697,603.5135135,1.1,2.886,privative,false,false premium,0.0,0.0
premium,108,abstract,3.935535545,7,3,7,6,2.11,6.9697,603.5135135,1.1,2.886,baseline,htbqzylm,htbqzylm premium,0.0,0.0
weapon,109,concrete,4.291342161,6,2,5,4,4.76,2.3438,525.75,0.44,6.156,subsective,genuine,genuine weapon,0.0,0.0
weapon,109,concrete,4.291342161,6,2,5,4,4.76,2.3438,525.75,0.44,6.156,privative,fictional,fictional weapon,0.0,0.0
weapon,109,concrete,4.291342161,6,2,5,4,4.76,2.3438,525.75,0.44,6.156,baseline,xkq,xkq weapon,0.0,0.0
madness,109,abstract,4.029384483,7,2,6,6,1.97,2.6765,532.8717949,1.2,3.324,subsective,unique,unique madness,0.0,0.0
madness,109,abstract,4.029384483,7,2,6,6,1.97,2.6765,532.8717949,1.2,3.324,privative,virtual,virtual madness,0.0,0.0
madness,109,abstract,4.029384483,7,2,6,6,1.97,2.6765,532.8717949,1.2,3.324,baseline,zrtqgfplh,zrtqgfplh madness,0.0,0.0
novel,110,concrete,4.429173753,5,2,5,6,4.21,6.4848,536.55,1.15,5.452,subsective,authentic,authentic novel,0.0,0.0
novel,110,concrete,4.429173753,5,2,5,6,4.21,6.4848,536.55,1.15,5.452,privative,counterfeit,counterfeit novel,0.0,0.0
novel,110,concrete,4.429173753,5,2,5,6,4.21,6.4848,536.55,1.15,5.452,baseline,qxsw,qxsw novel,0.0,0.0
culture,110,abstract,4.725444089,7,2,5,6,2.04,6.8824,526.175,1.34,3.853,subsective,genuine,genuine culture,0.0,0.0
culture,110,abstract,4.725444089,7,2,5,6,2.04,6.8824,526.175,1.34,3.853,privative,fictional,fictional culture,0.0,0.0
culture,110,abstract,4.725444089,7,2,5,6,2.04,6.8824,526.175,1.34,3.853,baseline,rjdnw,rjdnw culture,0.0,0.0
venom,111,concrete,3.755677614,5,2,5,10,4.62,2.5758,621.2702703,0.92,4.457,subsective,important,important venom,0.0,0.0
venom,111,concrete,3.755677614,5,2,5,10,4.62,2.5758,621.2702703,0.92,4.457,privative,former,former venom,0.0,0.0
venom,111,concrete,3.755677614,5,2,5,10,4.62,2.5758,621.2702703,0.92,4.457,baseline,fxldmr,fxldmr venom,0.0,0.0
ordeal,111,abstract,3.632249469,6,2,5,10,2.04,2.6,625.5263158,1.15,3.429,subsective,unique,unique ordeal,0.0,0.0
ordeal,111,abstract,3.632249469,6,2,5,10,2.04,2.6,625.5263158,1.15,3.429,privative,virtual,virtual ordeal,0.0,0.0
ordeal,111,abstract,3.632249469,6,2,5,10,2.04,2.6,625.5263158,1.15,3.429,baseline,ptrgsbkv,ptrgsbkv ordeal,0.0,0.0
comet,112,concrete,3.570217544,5,2,5,8,4.67,6.2353,570.0540541,1.03,6.121,subsective,bad,bad comet,0.0,0.0
comet,112,concrete,3.570217544,5,2,5,8,4.67,6.2353,570.0540541,1.03,6.121,privative,fake,fake comet,0.0,0.0
comet,112,concrete,3.570217544,5,2,5,8,4.67,6.2353,570.0540541,1.03,6.121,baseline,htbqzylm,htbqzylm comet,0.0,0.0
upgrade,112,abstract,3.612715774,7,2,6,8,2.36,7.2,571.4102564,1.32,3.857,subsective,new,new upgrade,0.0,0.0
upgrade,112,abstract,3.612715774,7,2,6,8,2.36,7.2,571.4102564,1.32,3.857,privative,hypothetical,hypothetical upgrade,0.0,0.0
upgrade,112,abstract,3.612715774,7,2,6,8,2.36,7.2,571.4102564,1.32,3.857,baseline,htbqzylm,htbqzylm upgrade,0.0,0.0
daybreak,113,concrete,2.926184648,8,2,6,4,4.21,6.9375,622.7575758,0.92,5.258,subsective,current,current daybreak,0.0,0.0
daybreak,113,concrete,2.926184648,8,2,6,4,4.21,6.9375,622.7575758,0.92,5.258,privative,false,false daybreak,0.0,0.0
daybreak,113,concrete,2.926184648,8,2,6,4,4.21,6.9375,622.7575758,0.92,5.258,baseline,fxldmr,fxldmr daybreak,0.0,0.0
uplift,113,abstract,2.752640578,6,2,6,2,2.34,7.5484,599.3421053,1.26,3.273,subsective,current,current uplift,0.0,0.0
uplift,113,abstract,2.752640578,6,2,6,2,2.34,7.5484,599.3421053,1.26,3.273,privative,false,false uplift,0.0,0.0
uplift,113,abstract,2.752640578,6,2,6,2,2.34,7.5484,599.3421053,1.26,3.273,baseline,wvcnz,wvcnz uplift,0.0,0.0
tomb,114,concrete,3.693558807,4,1,3,6,4.73,3.0645,575.8157895,0.78,5.967,subsective,true,true tomb,0.0,0.0
tomb,114,concrete,3.693558807,4,1,3,6,4.73,3.0645,575.8157895,0.78,5.967,privative,phony,phony tomb,0.0,0.0
tomb,114,concrete,3.693558807,4,1,3,6,4.73,3.0645,575.8157895,0.78,5.967,baseline,zrtqgfplh,zrtqgfplh tomb,0.0,0.0
guilt,114,abstract,3.834038424,5,1,4,6,1.93,2.2121,564.3513514,1.36,3.0,subsective,authentic,authentic guilt,0.0,0.0
guilt,114,abstract,3.834038424,5,1,4,6,1.93,2.2121,564.3513514,1.36,3.0,privative,counterfeit,counterfeit guilt,0.0,0.0
guilt,114,abstract,3.834038424,5,1,4,6,1.93,2.2121,564.3513514,1.36,3.0,baseline,ptrgsbkv,ptrgsbkv guilt,0.0,0.0
click,115,concrete,4.062345437,5,1,4,6,4.03,5.0294,532.5277778,1.25,5.257,subsective,old,old click,0.0,0.0
click,115,concrete,4.062345437,5,1,4,6,4.03,5.0294,532.5277778,1.25,5.257,privative,imaginary,imaginary click,0.0,0.0
click,115,concrete,4.062345437,5,1,4,6,4.03,5.0294,532.5277778,1.25,5.257,baseline,ptrgsbkv,ptrgsbkv click,0.0,0.0
aspect,115,abstract,4.235940026,6,2,6,8,1.82,5.5313,546.9189189,1.1,1.943,subsective,important,important aspect,0.0,0.0
aspect,115,abstract,4.235940026,6,2,6,8,1.82,5.5313,546.9189189,1.1,1.943,privative,former,former aspect,1.6285379803329417e-08,1.4481315748581612e-08
aspect,115,abstract,4.235940026,6,2,6,8,1.82,5.5313,546.9189189,1.1,1.943,baseline,zrtqgfplh,zrtqgfplh aspect,0.0,0.0
audience,116,concrete,4.859910068,8,3,6,4,4.29,5.9032,543.2972973,0.9,6.065,subsective,authentic,authentic audience,2.0922101860588032e-09,2.126774705187695e-09
audience,116,concrete,4.859910068,8,3,6,4,4.29,5.9032,543.2972973,0.9,6.065,privative,counterfeit,counterfeit audience,0.0,0.0
audience,116,concrete,4.859910068,8,3,6,4,4.29,5.9032,543.2972973,0.9,6.065,baseline,rjdnw,rjdnw audience,0.0,0.0
attempt,116,abstract,4.600883728,7,2,6,6,2.22,5.8286,529.7,1.09,3.0,subsective,old,old attempt,5.897247820139105e-09,3.6731253031619685e-09
attempt,116,abstract,4.600883728,7,2,6,6,2.22,5.8286,529.7,1.09,3.0,privative,imaginary,imaginary attempt,2.7735874217427105e-10,2.3089416896606002e-10
attempt,116,abstract,4.600883728,7,2,6,6,2.22,5.8286,529.7,1.09,3.0,baseline,vpbyzkgrf,vpbyzkgrf attempt,0.0,0.0
vomit,117,concrete,3.45615821,5,2,5,8,4.75,2.5429,544.1538462,0.65,6.559,subsective,old,old vomit,1.0802129915252443e-09,9.61193118229533e-10
vomit,117,concrete,3.45615821,5,2,5,8,4.75,2.5429,544.1538462,0.65,6.559,privative,imaginary,imaginary vomit,0.0,0.0
vomit,117,concrete,3.45615821,5,2,5,8,4.75,2.5429,544.1538462,0.65,6.559,baseline,zrtqgfplh,zrtqgfplh vomit,0.0,0.0
neglect,117,abstract,3.647558762,7,2,7,6,2.26,1.5714,566.5,0.98,4.057,subsective,typical,typical neglect,3.722055028283419e-10,2.3279996110591405e-10
neglect,117,abstract,3.647558762,7,2,7,6,2.26,1.5714,566.5,0.98,4.057,privative,spurious,spurious neglect,0.0,0.0
neglect,117,abstract,3.647558762,7,2,7,6,2.26,1.5714,566.5,0.98,4.057,baseline,qxsw,qxsw neglect,0.0,0.0
gag,118,concrete,3.407542955,3,1,3,6,4.37,2.9118,579.2368421,0.96,5.333,subsective,actual,actual gag,4.032202015146958e-11,4.281082036164363e-11
gag,118,concrete,3.407542955,3,1,3,6,4.37,2.9118,579.2368421,0.96,5.333,privative,artificial,artificial gag,0.0,0.0
gag,118,concrete,3.407542955,3,1,3,6,4.37,2.9118,579.2368421,0.96,5.333,baseline,fxldmr,fxldmr gag,0.0,0.0
dread,118,abstract,3.6576312,5,1,4,4,1.86,2.0645,600.8055556,1.06,2.875,subsective,current,current dread,1.285950569203135e-10,9.069618067842417e-11
dread,118,abstract,3.6576312,5,1,4,4,1.86,2.0645,600.8055556,1.06,2.875,privative,false,false dread,1.3849756091996655e-10,1.1999627092451212e-10
dread,118,abstract,3.6576312,5,1,4,4,1.86,2.0645,600.8055556,1.06,2.875,baseline,rvqf,rvqf dread,0.0,0.0
urine,119,concrete,3.640711635,5,2,4,8,4.93,4.2571,572.6315789,0.27,6.4,subsective,authentic,authentic urine,3.495185746504772e-11,9.25994893865143e-11
urine,119,concrete,3.640711635,5,2,4,8,4.93,4.2571,572.6315789,0.27,6.4,privative,counterfeit,counterfeit urine,0.0,0.0
urine,119,concrete,3.640711635,5,2,4,8,4.93,4.2571,572.6315789,0.27,6.4,baseline,wvcnz,wvcnz urine,0.0,0.0
rogue,119,abstract,3.876721307,5,1,3,10,2.32,3.5429,569.974359,1.38,4.424,subsective,perfect,perfect rogue,2.332089599527401e-10,2.062677336529327e-10
rogue,119,abstract,3.876721307,5,1,3,10,2.32,3.5429,569.974359,1.38,4.424,privative,mock,mock rogue,0.0,0.0
rogue,119,abstract,3.876721307,5,1,3,10,2.32,3.5429,569.974359,1.38,4.424,baseline,mghljkqr,mghljkqr rogue,0.0,0.0
treasure,120,concrete,4.458939027,8,2,5,2,4.32,7.8235,499.5135135,1.02,6.143,subsective,authentic,authentic treasure,4.278130566108592e-10,3.7420966292271337e-10
treasure,120,concrete,4.458939027,8,2,5,2,4.32,7.8235,499.5135135,1.02,6.143,privative,counterfeit,counterfeit treasure,2.2234553785646173e-11,2.4319822383735106e-11
treasure,120,concrete,4.458939027,8,2,5,2,4.32,7.8235,499.5135135,1.02,6.143,baseline,ypdcglkc,ypdcglkc treasure,0.0,0.0
pleasure,120,abstract,4.662909149,8,2,5,2,2.04,8.0909,534.5263158,1.26,3.677,subsective,good,good pleasure,1.588832923112358e-07,1.4491986293033205e-07
pleasure,120,abstract,4.662909149,8,2,5,2,2.04,8.0909,534.5263158,1.26,3.677,privative,fictitious,fictitious pleasure,4.483749096294989e-11,4.620582924416169e-11
pleasure,120,abstract,4.662909149,8,2,5,2,2.04,8.0909,534.5263158,1.26,3.677,baseline,zrtqgfplh,zrtqgfplh pleasure,0.0,0.0
musket,121,concrete,2.938773775,6,2,6,6,4.67,3.7333,697.969697,0.82,5.833,subsective,average,average musket,7.908695962850304e-11,7.903598572405821e-11
musket,121,concrete,2.938773775,6,2,6,6,4.67,3.7333,697.969697,0.82,5.833,privative,fabricated,fabricated musket,0.0,0.0
musket,121,concrete,2.938773775,6,2,6,6,4.67,3.7333,697.969697,0.82,5.833,baseline,xkq,xkq musket,0.0,0.0
gripe,121,abstract,2.691370921,5,1,4,6,2.15,3.5,653.5806452,1.01,2.704,subsective,authentic,authentic gripe,0.0,0.0
gripe,121,abstract,2.691370921,5,1,4,6,2.15,3.5,653.5806452,1.01,2.704,privative,counterfeit,counterfeit gripe,0.0,0.0
gripe,121,abstract,2.691370921,5,1,4,6,2.15,3.5,653.5806452,1.01,2.704,baseline,mghljkqr,mghljkqr gripe,0.0,0.0
singer,122,concrete,4.482345199,6,2,4,2,4.62,6.8571,558.6486486,0.86,6.382,subsective,good,good singer,3.9746475579588164e-08,3.3191523250744504e-08
singer,122,concrete,4.482345199,6,2,4,2,4.62,6.8571,558.6486486,0.86,6.382,privative,fictitious,fictitious singer,4.944258183056128e-11,2.606994162927933e-11
singer,122,concrete,4.482345199,6,2,4,2,4.62,6.8571,558.6486486,0.86,6.382,baseline,htbqzylm,htbqzylm singer,0.0,0.0
talent,122,abstract,4.578999586,6,2,6,4,2.19,7.5938,517.9230769,1.14,4.364,subsective,special,special talent,1.0336095397722765e-07,9.779246910192887e-08
talent,122,abstract,4.578999586,6,2,6,4,2.19,7.5938,517.9230769,1.14,4.364,privative,past,past talent,1.4252869845624805e-10,9.34156912751221e-11
talent,122,abstract,4.578999586,6,2,6,4,2.19,7.5938,517.9230769,1.14,4.364,baseline,rjdnw,rjdnw talent,0.0,0.0
dung,123,concrete,3.545768984,4,1,3,12,4.64,3.4194,603.3939394,0.76,5.706,subsective,special,special dung,1.6974007506782332e-11,3.670562321719496e-11
dung,123,concrete,3.545768984,4,1,3,12,4.64,3.4194,603.3939394,0.76,5.706,privative,past,past dung,0.0,0.0
dung,123,concrete,3.545768984,4,1,3,12,4.64,3.4194,603.3939394,0.76,5.706,baseline,xkq,xkq dung,0.0,0.0
brink,123,abstract,3.823488242,5,1,5,10,2.48,3.9667,641.2432432,1.33,2.871,subsective,actual,actual brink,1.976115507551573e-10,1.8721940346099292e-10
brink,123,abstract,3.823488242,5,1,5,10,2.48,3.9667,641.2432432,1.33,2.871,privative,artificial,artificial brink,0.0,0.0
brink,123,abstract,3.823488242,5,1,5,10,2.48,3.9667,641.2432432,1.33,2.871,baseline,xkq,xkq brink,0.0,0.0
daylight,124,concrete,3.889972475,8,2,5,2,4.1,7.6471,540.0526316,1.11,6.273,subsective,genuine,genuine daylight,1.690117050218643e-10,1.8279753716296102e-10
daylight,124,concrete,3.889972475,8,2,5,2,4.1,7.6471,540.0526316,1.11,6.273,privative,fictional,fictional daylight,0.0,0.0
daylight,124,concrete,3.889972475,8,2,5,2,4.1,7.6471,540.0526316,1.11,6.273,baseline,kmlsdjtw,kmlsdjtw daylight,0.0,0.0
wisdom,124,abstract,3.922335631,6,2,6,2,1.53,8.1875,564.4210526,0.86,2.5,subsective,new,new wisdom,2.802390490300558e-08,2.063546713808391e-08
wisdom,124,abstract,3.922335631,6,2,6,2,1.53,8.1875,564.4210526,0.86,2.5,privative,hypothetical,hypothetical wisdom,4.343300980922796e-11,2.9164424750146536e-11
wisdom,124,abstract,3.922335631,6,2,6,2,1.53,8.1875,564.4210526,0.86,2.5,baseline,ptrgsbkv,ptrgsbkv wisdom,0.0,0.0
laugh,125,concrete,4.773430592,5,1,3,2,4.21,8.4118,534.3421053,1.1,5.618,subsective,unique,unique laugh,2.9990577449000593e-10,1.8857357228849335e-10
laugh,125,concrete,4.773430592,5,1,3,2,4.21,8.4118,534.3421053,1.1,5.618,privative,virtual,virtual laugh,0.0,0.0
laugh,125,concrete,4.773430592,5,1,3,2,4.21,8.4118,534.3421053,1.1,5.618,baseline,mtpv,mtpv laugh,0.0,0.0
peace,125,abstract,4.743399921,5,1,3,2,1.62,8.6471,530.7894737,1.35,4.0,subsective,average,average peace,2.5276723617001904e-10,1.441551260709883e-09
peace,125,abstract,4.743399921,5,1,3,2,1.62,8.6471,530.7894737,1.35,4.0,privative,fabricated,fabricated peace,0.0,0.0
peace,125,abstract,4.743399921,5,1,3,2,1.62,8.6471,530.7894737,1.35,4.0,baseline,tqvgqrz,tqvgqrz peace,0.0,0.0
ulcer,126,concrete,2.863053061,5,2,4,10,4.69,2.9118,618.8787879,0.76,5.657,subsective,typical,typical ulcer,5.758484173233121e-09,4.212404991482666e-09
ulcer,126,concrete,2.863053061,5,2,4,10,4.69,2.9118,618.8787879,0.76,5.657,privative,spurious,spurious ulcer,0.0,0.0
ulcer,126,concrete,2.863053061,5,2,4,10,4.69,2.9118,618.8787879,0.76,5.657,baseline,ptrgsbkv,ptrgsbkv ulcer,0.0,0.0
strife,126,abstract,3.158133724,6,1,5,12,2.2,3.4545,644.03125,1.45,3.394,subsective,bad,bad strife,1.2756232243840676e-10,1.3665306068541483e-10
strife,126,abstract,3.158133724,6,1,5,12,2.2,3.4545,644.03125,1.45,3.394,privative,fake,fake strife,0.0,0.0
strife,126,abstract,3.158133724,6,1,5,12,2.2,3.4545,644.03125,1.45,3.394,baseline,rjdnw,rjdnw strife,0.0,0.0
hooker,127,concrete,3.460658711,6,2,4,12,4.5,2.4848,573.6571429,0.92,5.697,subsective,authentic,authentic hooker,0.0,0.0
hooker,127,concrete,3.460658711,6,2,4,12,4.5,2.4848,573.6571429,0.92,5.697,privative,counterfeit,counterfeit hooker,0.0,0.0
hooker,127,concrete,3.460658711,6,2,4,12,4.5,2.4848,573.6571429,0.92,5.697,baseline,qxsw,qxsw hooker,0.0,0.0
outrage,127,abstract,3.58391522,7,2,5,13,2.45,2.3714,584.0789474,1.38,4.657,subsective,real,real outrage,1.4138352033021458e-09,1.2680172235884046e-09
outrage,127,abstract,3.58391522,7,2,5,13,2.45,2.3714,584.0789474,1.38,4.657,privative,mythical,mythical outrage,0.0,0.0
outrage,127,abstract,3.58391522,7,2,5,13,2.45,2.3714,584.0789474,1.38,4.657,baseline,fxldmr,fxldmr outrage,0.0,0.0
stroke,128,concrete,4.189193777,6,1,5,4,4.1,3.8,555.2972973,0.94,5.143,subsective,bad,bad stroke,3.4398663793977836e-09,3.0915678496033016e-09
stroke,128,concrete,4.189193777,6,1,5,4,4.1,3.8,555.2972973,0.94,5.143,privative,fake,fake stroke,0.0,0.0
stroke,128,concrete,4.189193777,6,1,5,4,4.1,3.8,555.2972973,0.94,5.143,baseline,vpbyzkgrf,vpbyzkgrf stroke,0.0,0.0
nonsense,128,abstract,4.270114291,8,2,7,4,2.38,3.3939,559.8974359,1.37,2.606,subsective,old,old nonsense,0.0,0.0
nonsense,128,abstract,4.270114291,8,2,7,4,2.38,3.3939,559.8974359,1.37,2.606,privative,imaginary,imaginary nonsense,0.0,0.0
nonsense,128,abstract,4.270114291,8,2,7,4,2.38,3.3939,559.8974359,1.37,2.606,baseline,zbxlv,zbxlv nonsense,0.0,0.0
exam,129,concrete,4.104992378,4,2,5,4,4.48,3.2059,548.6315789,0.95,6.206,subsective,average,average exam,0.0,0.0
exam,129,concrete,4.104992378,4,2,5,4,4.48,3.2059,548.6315789,0.95,6.206,privative,fabricated,fabricated exam,0.0,0.0
exam,129,concrete,4.104992378,4,2,5,4,4.48,3.2059,548.6315789,0.95,6.206,baseline,rvqf,rvqf exam,0.0,0.0
fraud,129,abstract,4.251192943,5,1,4,6,1.68,2.2571,586.475,0.86,3.114,subsective,true,true fraud,0.0,0.0
fraud,129,abstract,4.251192943,5,1,4,6,1.68,2.2571,586.475,0.86,3.114,privative,phony,phony fraud,0.0,0.0
fraud,129,abstract,4.251192943,5,1,4,6,1.68,2.2571,586.475,0.86,3.114,baseline,ptrgsbkv,ptrgsbkv fraud,0.0,0.0
carcass,130,concrete,3.451610582,7,2,6,10,4.46,2.6,705.2333333,1.17,5.531,subsective,typical,typical carcass,0.0,0.0
carcass,130,concrete,3.451610582,7,2,6,10,4.46,2.6,705.2333333,1.17,5.531,privative,spurious,spurious carcass,0.0,0.0
carcass,130,concrete,3.451610582,7,2,6,10,4.46,2.6,705.2333333,1.17,5.531,baseline,mghljkqr,mghljkqr carcass,0.0,0.0
dissent,130,abstract,3.21687381,7,2,6,12,2.17,3.1,685.7666667,1.13,2.781,subsective,new,new dissent,0.0,0.0
dissent,130,abstract,3.21687381,7,2,6,12,2.17,3.1,685.7666667,1.13,2.781,privative,hypothetical,hypothetical dissent,0.0,0.0
dissent,130,abstract,3.21687381,7,2,6,12,2.17,3.1,685.7666667,1.13,2.781,baseline,mtpv,mtpv dissent,0.0,0.0
court,131,concrete,5.103194617,5,1,4,4,4.31,4.1333,528.5789474,1.19,5.594,subsective,perfect,perfect court,0.0,0.0
court,131,concrete,5.103194617,5,1,4,4,4.31,4.1333,528.5789474,1.19,5.594,privative,mock,mock court,0.0,0.0
court,131,concrete,5.103194617,5,1,4,4,4.31,4.1333,528.5789474,1.19,5.594,baseline,mtpv,mtpv court,0.0,0.0
issue,131,abstract,5.182392858,5,2,3,6,2.37,3.6765,518.55,1.52,3.029,subsective,real,real issue,0.0,0.0
issue,131,abstract,5.182392858,5,2,3,6,2.37,3.6765,518.55,1.52,3.029,privative,mythical,mythical issue,0.0,0.0
issue,131,abstract,5.182392858,5,2,3,6,2.37,3.6765,518.55,1.52,3.029,baseline,rjdnw,rjdnw issue,0.0,0.0
smile,132,concrete,4.712518439,5,1,4,2,4.5,8.2813,571.6578947,0.75,6.576,subsective,important,important smile,0.0,0.0
smile,132,concrete,4.712518439,5,1,4,2,4.5,8.2813,571.6578947,0.75,6.576,privative,former,former smile,0.0,0.0
smile,132,concrete,4.712518439,5,1,4,2,4.5,8.2813,571.6578947,0.75,6.576,baseline,ptrgsbkv,ptrgsbkv smile,0.0,0.0
success,132,abstract,4.91626221,7,2,6,4,2.21,8.3529,528.5263158,1.37,4.143,subsective,genuine,genuine success,0.0,0.0
success,132,abstract,4.91626221,7,2,6,4,2.21,8.3529,528.5263158,1.37,4.143,privative,fictional,fictional success,0.0,0.0
success,132,abstract,4.91626221,7,2,6,4,2.21,8.3529,528.5263158,1.37,4.143,baseline,ypdcglkc,ypdcglkc success,0.0,0.0
bongo,133,concrete,3.038158407,5,2,5,6,4.77,6.0303,648.6969697,0.43,5.97,subsective,special,special bongo,0.0,0.0
bongo,133,concrete,3.038158407,5,2,5,6,4.77,6.0303,648.6969697,0.43,5.97,privative,past,past bongo,0.0,0.0
bongo,133,concrete,3.038158407,5,2,5,6,4.77,6.0303,648.6969697,0.43,5.97,baseline,zbxlv,zbxlv bongo,0.0,0.0
truce,133,abstract,3.188496115,5,1,4,6,2.47,6.9677,656.7058824,1.31,3.75,subsective,old,old truce,0.0,0.0
truce,133,abstract,3.188496115,5,1,4,6,2.47,6.9677,656.7058824,1.31,3.75,privative,imaginary,imaginary truce,0.0,0.0
truce,133,abstract,3.188496115,5,1,4,6,2.47,6.9677,656.7058824,1.31,3.75,baseline,wvcnz,wvcnz truce,0.0,0.0
hug,134,concrete,4.130783368,3,1,3,2,4.14,8.2059,536.775,1.21,6.212,subsective,current,current hug,0.0,0.0
hug,134,concrete,4.130783368,3,1,3,2,4.14,8.2059,536.775,1.21,6.212,privative,false,false hug,0.0,0.0
hug,134,concrete,4.130783368,3,1,3,2,4.14,8.2059,536.775,1.21,6.212,baseline,vpbyzkgrf,vpbyzkgrf hug,0.0,0.0
cure,134,abstract,4.138528952,4,1,4,4,2.41,8.0,553.9166667,1.38,2.844,subsective,real,real cure,0.0,0.0
cure,134,abstract,4.138528952,4,1,4,4,2.41,8.0,553.9166667,1.38,2.844,privative,mythical,mythical cure,0.0,0.0
cure,134,abstract,4.138528952,4,1,4,4,2.41,8.0,553.9166667,1.38,2.844,baseline,htbqzylm,htbqzylm cure,0.0,0.0
gorge,135,concrete,3.522458246,5,1,4,6,4.15,4.4839,655.03125,1.29,4.588,subsective,authentic,authentic gorge,0.0,0.0
gorge,135,concrete,3.522458246,5,1,4,6,4.15,4.4839,655.03125,1.29,4.588,privative,counterfeit,counterfeit gorge,0.0,0.0
gorge,135,concrete,3.522458246,5,1,4,6,4.15,4.4839,655.03125,1.29,4.588,baseline,zrtqgfplh,zrtqgfplh gorge,0.0,0.0
plea,135,abstract,3.634755503,4,1,3,8,2.39,3.6,649.972973,1.23,3.4,subsective,current,current plea,0.0,0.0
plea,135,abstract,3.634755503,4,1,3,8,2.39,3.6,649.972973,1.23,3.4,privative,false,false plea,0.0,0.0
plea,135,abstract,3.634755503,4,1,3,8,2.39,3.6,649.972973,1.23,3.4,baseline,tqvgqrz,tqvgqrz plea,0.0,0.0
dungeon,136,concrete,3.136644808,7,2,6,4,4.32,2.3636,567.1081081,1.18,6.118,subsective,actual,actual dungeon,0.0,0.0
dungeon,136,concrete,3.136644808,7,2,6,4,4.32,2.3636,567.1081081,1.18,6.118,privative,artificial,artificial dungeon,0.0,0.0
dungeon,136,concrete,3.136644808,7,2,6,4,4.32,2.3636,567.1081081,1.18,6.118,baseline,ypdcglkc,ypdcglkc dungeon,0.0,0.0
treason,136,abstract,3.30426176,7,2,6,6,2.03,1.8182,615.5789474,1.12,2.969,subsective,good,good treason,0.0,0.0
treason,136,abstract,3.30426176,7,2,6,6,2.03,1.8182,615.5789474,1.12,2.969,privative,fictitious,fictitious treason,0.0,0.0
treason,136,abstract,3.30426176,7,2,6,6,2.03,1.8182,615.5789474,1.12,2.969,baseline,tqvgqrz,tqvgqrz treason,0.0,0.0
missile,137,concrete,3.664218675,7,2,5,4,4.83,2.3438,615.3589744,0.38,6.281,subsective,old,old missile,0.0,0.0
missile,137,concrete,3.664218675,7,2,5,4,4.83,2.3438,615.3589744,0.38,6.281,privative,imaginary,imaginary missile,0.0,0.0
missile,137,concrete,3.664218675,7,2,5,4,4.83,2.3438,615.3589744,0.38,6.281,baseline,kmlsdjtw,kmlsdjtw missile,0.0,0.0
hardship,137,abstract,3.521810529,8,2,7,4,1.79,2.0606,659.2285714,0.9,3.849,subsective,average,average hardship,0.0,0.0
hardship,137,abstract,3.521810529,8,2,7,4,1.79,2.0606,659.2285714,0.9,3.849,privative,fabricated,fabricated hardship,0.0,0.0
hardship,137,abstract,3.521810529,8,2,7,4,1.79,2.0606,659.2285714,0.9,3.849,baseline,ypdcglkc,ypdcglkc hardship,0.0,0.0
portrait,138,concrete,4.183298286,8,2,7,6,4.9,5.7576,619.7567568,0.31,6.152,subsective,average,average portrait,0.0,0.0
portrait,138,concrete,4.183298286,8,2,7,6,4.9,5.7576,619.7567568,0.31,6.152,privative,fabricated,fabricated portrait,0.0,0.0
portrait,138,concrete,4.183298286,8,2,7,6,4.9,5.7576,619.7567568,0.31,6.152,baseline,bxfjwts,bxfjwts portrait,0.0,0.0
instinct,138,abstract,4.006853569,8,2,8,8,2.0,6.697,627.9166667,1.14,2.529,subsective,bad,bad instinct,0.0,0.0
instinct,138,abstract,4.006853569,8,2,8,8,2.0,6.697,627.9166667,1.14,2.529,privative,fake,fake instinct,0.0,0.0
instinct,138,abstract,4.006853569,8,2,8,8,2.0,6.697,627.9166667,1.14,2.529,baseline,zbxlv,zbxlv instinct,0.0,0.0
slum,139,concrete,3.320017822,4,1,4,6,4.03,2.25,634.1081081,0.98,5.387,subsective,special,special slum,0.0,0.0
slum,139,concrete,3.320017822,4,1,4,6,4.03,2.25,634.1081081,0.98,5.387,privative,past,past slum,0.0,0.0
slum,139,concrete,3.320017822,4,1,4,6,4.03,2.25,634.1081081,0.98,5.387,baseline,ypdcglkc,ypdcglkc slum,0.0,0.0
woe,139,abstract,3.174302222,3,1,2,8,1.96,2.4194,612.9444444,1.37,2.71,subsective,true,true woe,0.0,0.0
woe,139,abstract,3.174302222,3,1,2,8,1.96,2.4194,612.9444444,1.37,2.71,privative,phony,phony woe,0.0,0.0
woe,139,abstract,3.174302222,3,1,2,8,1.96,2.4194,612.9444444,1.37,2.71,baseline,qxsw,qxsw woe,0.0,0.0
syringe,140,concrete,3.122246988,7,2,5,10,4.81,3.4375,675.1944444,0.57,6.4,subsective,genuine,genuine syringe,0.0,0.0
syringe,140,concrete,3.122246988,7,2,5,10,4.81,3.4375,675.1944444,0.57,6.4,privative,fictional,fictional syringe,0.0,0.0
syringe,140,concrete,3.122246988,7,2,5,10,4.81,3.4375,675.1944444,0.57,6.4,baseline,zbxlv,zbxlv syringe,0.0,0.0
wrath,140,abstract,3.409226269,5,1,3,12,2.42,2.6364,627.3243243,1.33,2.875,subsective,real,real wrath,0.0,0.0
wrath,140,abstract,3.409226269,5,1,3,12,2.42,2.6364,627.3243243,1.33,2.875,privative,mythical,mythical wrath,0.0,0.0
wrath,140,abstract,3.409226269,5,1,3,12,2.42,2.6364,627.3243243,1.33,2.875,baseline,rvqf,rvqf wrath,0.0,0.0
